{"stats":{"minecraft:killed":{"minecraft:vindicator":3,"minecraft:spider":9,"minecraft:skeleton":21,"minecraft:pig":8,"minecraft:zombie_villager":1,"minecraft:iron_golem":2,"minecraft:ravager":1,"minecraft:creeper":10,"minecraft:sheep":12,"minecraft:pillager":13,"minecraft:zombie":35,"minecraft:cow":3},"minecraft:dropped":{"minecraft:iron_sword":3,"minecraft:turtle_egg":1,"minecraft:dirt":2,"minecraft:gravel":23,"minecraft:cobbled_deepslate":1,"minecraft:tuff":7,"minecraft:obsidian":10,"minecraft:rotten_flesh":5,"minecraft:name_tag":2,"minecraft:poppy":1,"minecraft:gunpowder":4,"minecraft:bow":1},"minecraft:crafted":{"minecraft:oak_planks":96,"minecraft:fishing_rod":4,"minecraft:birch_boat":1,"minecraft:furnace":2,"minecraft:bone_meal":39,"minecraft:cooked_mutton":12,"minecraft:iron_boots":2,"minecraft:iron_axe":2,"minecraft:stone_pickaxe":5,"minecraft:chest":8,"minecraft:stone_hoe":1,"minecraft:cooked_beef":7,"minecraft:cooked_cod":36,"minecraft:emerald":2,"minecraft:cooked_porkchop":17,"minecraft:crafting_table":2,"minecraft:wooden_pickaxe":1,"minecraft:iron_helmet":2,"minecraft:iron_sword":4,"minecraft:bucket":2,"minecraft:birch_planks":108,"minecraft:stone_axe":1,"minecraft:air":0,"minecraft:iron_chestplate":2,"minecraft:charcoal":12,"minecraft:diamond_pickaxe":2,"minecraft:shield":3,"minecraft:stick":132,"minecraft:iron_ingot":126,"minecraft:iron_pickaxe":16,"minecraft:stone_sword":1,"minecraft:iron_shovel":2,"minecraft:iron_leggings":2,"minecraft:white_bed":3,"minecraft:torch":16},"minecraft:picked_up":{"minecraft:fishing_rod":3,"minecraft:iron_chestplate":3,"minecraft:crafting_table":6,"minecraft:wheat":11,"minecraft:turtle_egg":1,"minecraft:potion":1,"minecraft:enchanted_book":3,"minecraft:shield":3,"minecraft:string":17,"minecraft:raw_copper":34,"minecraft:iron_axe":3,"minecraft:iron_leggings":3,"minecraft:pufferfish":25,"minecraft:cobbled_deepslate":3431,"minecraft:beef":7,"minecraft:poppy":1,"minecraft:iron_pickaxe":3,"minecraft:sugar_cane":16,"minecraft:chest":2,"minecraft:birch_sapling":12,"minecraft:iron_boots":2,"minecraft:furnace":1,"minecraft:stick":126,"minecraft:raw_iron":156,"minecraft:torch":107,"minecraft:porkchop":17,"minecraft:diorite":21,"minecraft:carrot":470,"minecraft:redstone":156,"minecraft:stone_sword":1,"minecraft:arrow":25,"minecraft:rotten_flesh":50,"minecraft:tropical_fish":6,"minecraft:saddle":1,"minecraft:mutton":16,"minecraft:obsidian":34,"minecraft:cod":96,"minecraft:white_wool":12,"minecraft:cobblestone":361,"minecraft:nautilus_shell":1,"minecraft:birch_log":88,"minecraft:magma_block":3,"minecraft:basalt":2,"minecraft:salmon":39,"minecraft:glow_ink_sac":3,"minecraft:tripwire_hook":2,"minecraft:water_bucket":2,"minecraft:andesite":21,"minecraft:leather":6,"minecraft:birch_planks":40,"minecraft:flint":6,"minecraft:tuff":231,"minecraft:oak_log":234,"minecraft:lily_pad":7,"minecraft:gunpowder":12,"minecraft:lapis_lazuli":207,"minecraft:dirt":68,"minecraft:white_banner":7,"minecraft:name_tag":3,"minecraft:leather_boots":2,"minecraft:cooked_mutton":6,"minecraft:bone":42,"minecraft:apple":6,"minecraft:bow":2,"minecraft:wheat_seeds":41,"minecraft:raw_gold":8,"minecraft:iron_ingot":5,"minecraft:stone_pickaxe":2,"minecraft:bamboo":196,"minecraft:iron_sword":8,"minecraft:oak_planks":1,"minecraft:birch_boat":1,"minecraft:gravel":162,"minecraft:sand":217,"minecraft:spruce_sapling":2,"minecraft:white_bed":3,"minecraft:spider_eye":5,"minecraft:diamond":26,"minecraft:stone_axe":1,"minecraft:diamond_axe":3,"minecraft:iron_helmet":3,"minecraft:granite":76,"minecraft:crossbow":1,"minecraft:emerald":1,"minecraft:oak_sapling":47,"minecraft:coal":30,"minecraft:diamond_pickaxe":2},"minecraft:custom":{"minecraft:mob_kills":120,"minecraft:interact_with_crafting_table":59,"minecraft:leave_game":16,"minecraft:time_since_death":58830,"minecraft:climb_one_cm":432,"minecraft:sprint_one_cm":1974870,"minecraft:walk_one_cm":1182932,"minecraft:damage_blocked_by_shield":105,"minecraft:drop":29,"minecraft:talked_to_villager":3,"minecraft:raid_win":2,"minecraft:play_time":585745,"minecraft:deaths":6,"minecraft:sneak_time":37383,"minecraft:walk_under_water_one_cm":33980,"minecraft:boat_one_cm":572400,"minecraft:jump":8269,"minecraft:walk_on_water_one_cm":48685,"minecraft:total_world_time":585745,"minecraft:interact_with_furnace":49,"minecraft:traded_with_villager":2,"minecraft:raid_trigger":1,"minecraft:sleep_in_bed":23,"minecraft:time_since_rest":58851,"minecraft:damage_taken":4394,"minecraft:damage_dealt":24260,"minecraft:swim_one_cm":223670,"minecraft:fly_one_cm":923444,"minecraft:open_chest":120,"minecraft:crouch_one_cm":97916,"minecraft:fish_caught":164,"minecraft:fall_one_cm":72592},"minecraft:mined":{"minecraft:tuff":226,"minecraft:white_bed":3,"minecraft:deepslate_diamond_ore":26,"minecraft:obsidian":34,"minecraft:glow_lichen":1,"minecraft:granite":67,"minecraft:grass_block":42,"minecraft:spruce_leaves":7,"minecraft:magma_block":6,"minecraft:furnace":1,"minecraft:carrots":115,"minecraft:iron_ore":90,"minecraft:cobbled_deepslate":155,"minecraft:andesite":21,"minecraft:deepslate_lapis_ore":27,"minecraft:deepslate_iron_ore":51,"minecraft:bamboo":17,"minecraft:stone":278,"minecraft:deepslate_redstone_ore":30,"minecraft:crafting_table":5,"minecraft:torch":85,"minecraft:chest":2,"minecraft:cobblestone":1,"minecraft:tall_grass":5,"minecraft:copper_ore":9,"minecraft:deepslate_gold_ore":8,"minecraft:lapis_ore":5,"minecraft:sugar_cane":8,"minecraft:diorite":21,"minecraft:wall_torch":12,"minecraft:wheat":11,"minecraft:birch_log":76,"minecraft:birch_leaves":6,"minecraft:grass":70,"minecraft:coal_ore":30,"minecraft:oak_log":145,"minecraft:gravel":82,"minecraft:sand":205,"minecraft:dirt":21,"minecraft:netherrack":1,"minecraft:oak_leaves":58,"minecraft:deepslate":3214},"minecraft:killed_by":{"minecraft:zombie":2},"minecraft:used":{"minecraft:stone_sword":19,"minecraft:iron_shovel":205,"minecraft:chest":10,"minecraft:shield":2,"minecraft:iron_sword":471,"minecraft:stone_hoe":80,"minecraft:torch":106,"minecraft:dirt":58,"minecraft:carrot":284,"minecraft:tuff":12,"minecraft:granite":19,"minecraft:iron_axe":163,"minecraft:birch_sapling":2,"minecraft:bamboo":200,"minecraft:basalt":1,"minecraft:furnace":3,"minecraft:oak_sapling":4,"minecraft:cooked_cod":25,"minecraft:cooked_beef":7,"minecraft:cobbled_deepslate":3245,"minecraft:wheat_seeds":11,"minecraft:cooked_mutton":12,"minecraft:water_bucket":45,"minecraft:diorite":1,"minecraft:stone_pickaxe":533,"minecraft:wooden_pickaxe":22,"minecraft:birch_boat":1,"minecraft:sugar_cane":15,"minecraft:diamond_axe":28,"minecraft:crafting_table":6,"minecraft:crossbow":1,"minecraft:white_bed":5,"minecraft:oak_log":6,"minecraft:diamond_pickaxe":39,"minecraft:iron_pickaxe":3773,"minecraft:spruce_sapling":2,"minecraft:stone_axe":51,"minecraft:fishing_rod":199,"minecraft:cobblestone":25,"minecraft:cooked_porkchop":8,"minecraft:bucket":47,"minecraft:andesite":6,"minecraft:bone_meal":39},"minecraft:broken":{"minecraft:stone_pickaxe":4,"minecraft:iron_sword":1,"minecraft:iron_pickaxe":15,"minecraft:fishing_rod":2}},"DataVersion":3465}