{"stats":{"minecraft:killed_by":{"minecraft:zombie":2},"minecraft:killed":{"minecraft:vindicator":3,"minecraft:spider":19,"minecraft:skeleton":43,"minecraft:pig":8,"minecraft:zombie_villager":2,"minecraft:iron_golem":2,"minecraft:ravager":1,"minecraft:creeper":15,"minecraft:sheep":12,"minecraft:pillager":13,"minecraft:zombie":70,"minecraft:enderman":2,"minecraft:cow":3},"minecraft:dropped":{"minecraft:iron_sword":3,"minecraft:wheat_seeds":29,"minecraft:diamond_axe":1,"minecraft:granite":18,"minecraft:turtle_egg":1,"minecraft:dirt":2,"minecraft:smooth_basalt":6,"minecraft:gravel":23,"minecraft:cobbled_deepslate":1,"minecraft:tuff":8,"minecraft:obsidian":10,"minecraft:pointed_dripstone":1,"minecraft:rotten_flesh":5,"minecraft:name_tag":2,"minecraft:carrot":1,"minecraft:poppy":1,"minecraft:gunpowder":4,"minecraft:andesite":1,"minecraft:oak_sapling":2,"minecraft:spider_eye":1,"minecraft:bow":1,"minecraft:arrow":8},"minecraft:used":{"minecraft:oak_trapdoor":64,"minecraft:stone_sword":19,"minecraft:iron_shovel":207,"minecraft:chest":12,"minecraft:shield":2,"minecraft:iron_sword":725,"minecraft:stone_hoe":80,"minecraft:torch":256,"minecraft:dirt":65,"minecraft:hopper":4,"minecraft:carrot":359,"minecraft:tuff":77,"minecraft:granite":19,"minecraft:bookshelf":4,"minecraft:iron_axe":163,"minecraft:birch_sapling":2,"minecraft:bamboo":200,"minecraft:basalt":1,"minecraft:furnace":3,"minecraft:oak_sapling":4,"minecraft:cooked_cod":48,"minecraft:potato":40,"minecraft:cooked_beef":7,"minecraft:cobbled_deepslate":3245,"minecraft:wheat_seeds":11,"minecraft:cooked_mutton":12,"minecraft:water_bucket":142,"minecraft:diorite":1,"minecraft:stone_pickaxe":533,"minecraft:wooden_pickaxe":22,"minecraft:birch_boat":1,"minecraft:cobblestone_slab":8,"minecraft:sugar_cane":15,"minecraft:diamond_axe":176,"minecraft:crafting_table":7,"minecraft:crossbow":1,"minecraft:white_bed":5,"minecraft:oak_log":6,"minecraft:diamond_pickaxe":1471,"minecraft:iron_pickaxe":4272,"minecraft:spruce_sapling":2,"minecraft:stone_axe":51,"minecraft:diamond_sword":2,"minecraft:fishing_rod":262,"minecraft:cobblestone":1214,"minecraft:bucket":144,"minecraft:cooked_porkchop":8,"minecraft:andesite":6,"minecraft:bone_meal":39},"minecraft:mined":{"minecraft:nether_gold_ore":1,"minecraft:large_amethyst_bud":1,"minecraft:tuff":232,"minecraft:white_bed":3,"minecraft:deepslate_diamond_ore":40,"minecraft:obsidian":34,"minecraft:glow_lichen":1,"minecraft:granite":77,"minecraft:budding_amethyst":6,"minecraft:grass_block":42,"minecraft:spruce_leaves":7,"minecraft:spawner":1,"minecraft:large_fern":6,"minecraft:raw_iron_block":2,"minecraft:magma_block":11,"minecraft:furnace":1,"minecraft:carrots":176,"minecraft:iron_ore":140,"minecraft:cobbled_deepslate":155,"minecraft:andesite":22,"minecraft:deepslate_lapis_ore":36,"minecraft:pointed_dripstone":22,"minecraft:cave_vines":6,"minecraft:deepslate_iron_ore":103,"minecraft:bamboo":17,"minecraft:stone":1312,"minecraft:deepslate_redstone_ore":30,"minecraft:blackstone":28,"minecraft:amethyst_cluster":4,"minecraft:basalt":82,"minecraft:crafting_table":5,"minecraft:torch":93,"minecraft:calcite":4,"minecraft:chest":2,"minecraft:copper_ore":9,"minecraft:tall_grass":6,"minecraft:cobblestone":39,"minecraft:lapis_ore":5,"minecraft:deepslate_gold_ore":45,"minecraft:sugar_cane":8,"minecraft:diorite":21,"minecraft:wall_torch":19,"minecraft:amethyst_block":195,"minecraft:birch_log":76,"minecraft:wheat":11,"minecraft:ice":1,"minecraft:birch_leaves":6,"minecraft:grass":80,"minecraft:coal_ore":107,"minecraft:oak_log":216,"minecraft:gravel":83,"minecraft:sand":205,"minecraft:dirt":31,"minecraft:smooth_basalt":7,"minecraft:netherrack":194,"minecraft:gold_ore":4,"minecraft:oak_leaves":58,"minecraft:deepslate":3259},"minecraft:crafted":{"minecraft:oak_planks":792,"minecraft:raw_iron":18,"minecraft:cobblestone_slab":12,"minecraft:fishing_rod":4,"minecraft:birch_boat":1,"minecraft:furnace":2,"minecraft:bone_meal":39,"minecraft:bookshelf":4,"minecraft:cooked_mutton":12,"minecraft:oak_trapdoor":64,"minecraft:hopper":4,"minecraft:iron_boots":3,"minecraft:iron_axe":2,"minecraft:stone_pickaxe":5,"minecraft:chest":14,"minecraft:stone_hoe":1,"minecraft:cooked_beef":7,"minecraft:cooked_cod":64,"minecraft:diamond_sword":1,"minecraft:emerald":36,"minecraft:cooked_porkchop":17,"minecraft:crafting_table":3,"minecraft:wooden_pickaxe":1,"minecraft:iron_helmet":3,"minecraft:iron_sword":4,"minecraft:birch_planks":228,"minecraft:bucket":5,"minecraft:stone_axe":1,"minecraft:air":0,"minecraft:diamond_pickaxe":3,"minecraft:iron_chestplate":3,"minecraft:shield":3,"minecraft:charcoal":12,"minecraft:stick":1240,"minecraft:iron_ingot":214,"minecraft:iron_pickaxe":18,"minecraft:stone_sword":1,"minecraft:iron_shovel":2,"minecraft:iron_leggings":3,"minecraft:white_bed":3,"minecraft:torch":148},"minecraft:custom":{"minecraft:mob_kills":197,"minecraft:interact_with_anvil":1,"minecraft:interact_with_crafting_table":73,"minecraft:leave_game":19,"minecraft:time_since_death":14676,"minecraft:climb_one_cm":468,"minecraft:sprint_one_cm":2633588,"minecraft:walk_one_cm":1776956,"minecraft:damage_blocked_by_shield":105,"minecraft:drop":43,"minecraft:talked_to_villager":12,"minecraft:raid_win":2,"minecraft:play_time":806383,"minecraft:deaths":7,"minecraft:sneak_time":54353,"minecraft:walk_under_water_one_cm":84706,"minecraft:boat_one_cm":572400,"minecraft:jump":10612,"minecraft:walk_on_water_one_cm":73620,"minecraft:enchant_item":2,"minecraft:total_world_time":806383,"minecraft:interact_with_furnace":70,"minecraft:traded_with_villager":40,"minecraft:raid_trigger":1,"minecraft:sleep_in_bed":35,"minecraft:time_since_rest":8052,"minecraft:damage_taken":6675,"minecraft:damage_dealt":39901,"minecraft:swim_one_cm":231098,"minecraft:fly_one_cm":1297436,"minecraft:open_chest":183,"minecraft:crouch_one_cm":184599,"minecraft:fish_caught":215,"minecraft:fall_one_cm":107175},"minecraft:broken":{"minecraft:iron_boots":1,"minecraft:stone_pickaxe":4,"minecraft:iron_sword":2,"minecraft:iron_pickaxe":17,"minecraft:iron_helmet":1,"minecraft:fishing_rod":2},"minecraft:picked_up":{"minecraft:fishing_rod":6,"minecraft:crafting_table":6,"minecraft:iron_chestplate":4,"minecraft:wheat":11,"minecraft:diamond_sword":1,"minecraft:turtle_egg":1,"minecraft:enchanted_book":3,"minecraft:potion":1,"minecraft:shield":4,"minecraft:amethyst_block":192,"minecraft:string":33,"minecraft:raw_copper":34,"minecraft:iron_axe":4,"minecraft:iron_shovel":1,"minecraft:iron_leggings":4,"minecraft:pufferfish":33,"minecraft:blackstone":27,"minecraft:gold_nugget":4,"minecraft:cobbled_deepslate":3461,"minecraft:bucket":4,"minecraft:beef":7,"minecraft:cobblestone_slab":4,"minecraft:poppy":1,"minecraft:iron_pickaxe":3,"minecraft:sugar_cane":16,"minecraft:chest":2,"minecraft:birch_sapling":12,"minecraft:furnace":1,"minecraft:iron_boots":3,"minecraft:stick":152,"minecraft:raw_iron":264,"minecraft:torch":133,"minecraft:porkchop":17,"minecraft:pointed_dripstone":65,"minecraft:diorite":21,"minecraft:carrot":740,"minecraft:redstone":156,"minecraft:stone_sword":1,"minecraft:arrow":37,"minecraft:rotten_flesh":100,"minecraft:cooked_cod":5,"minecraft:tropical_fish":7,"minecraft:saddle":1,"minecraft:obsidian":34,"minecraft:glow_berries":4,"minecraft:mutton":16,"minecraft:cod":121,"minecraft:white_wool":12,"minecraft:cobblestone":1404,"minecraft:nautilus_shell":2,"minecraft:birch_log":88,"minecraft:magma_block":6,"minecraft:basalt":78,"minecraft:salmon":56,"minecraft:tripwire_hook":4,"minecraft:glow_ink_sac":3,"minecraft:water_bucket":2,"minecraft:andesite":22,"minecraft:leather":6,"minecraft:birch_planks":40,"minecraft:flint":6,"minecraft:tuff":233,"minecraft:oak_log":305,"minecraft:lily_pad":11,"minecraft:gunpowder":26,"minecraft:lapis_lazuli":299,"minecraft:dirt":70,"minecraft:white_banner":7,"minecraft:name_tag":3,"minecraft:cooked_mutton":6,"minecraft:leather_boots":2,"minecraft:bone":60,"minecraft:apple":8,"minecraft:bow":3,"minecraft:wheat_seeds":105,"minecraft:raw_gold":49,"minecraft:stone_pickaxe":2,"minecraft:iron_ingot":5,"minecraft:bamboo":196,"minecraft:oak_planks":19,"minecraft:iron_sword":8,"minecraft:smooth_basalt":6,"minecraft:birch_boat":1,"minecraft:raw_iron_block":2,"minecraft:gravel":162,"minecraft:sand":217,"minecraft:amethyst_shard":16,"minecraft:spruce_sapling":2,"minecraft:white_bed":3,"minecraft:spider_eye":7,"minecraft:diamond":40,"minecraft:stone_axe":1,"minecraft:iron_helmet":4,"minecraft:diamond_axe":5,"minecraft:crossbow":1,"minecraft:granite":90,"minecraft:emerald":1,"minecraft:oak_sapling":79,"minecraft:netherrack":190,"minecraft:coal":135,"minecraft:ender_pearl":1,"minecraft:diamond_pickaxe":3}},"DataVersion":3465}