{"stats":{"minecraft:custom":{"minecraft:time_since_rest":8215,"minecraft:play_time":8215,"minecraft:sprint_one_cm":27213,"minecraft:damage_taken":50,"minecraft:walk_one_cm":27379,"minecraft:jump":179,"minecraft:leave_game":1,"minecraft:time_since_death":8215,"minecraft:total_world_time":8215,"minecraft:interact_with_crafting_table":1,"minecraft:fall_one_cm":6133,"minecraft:fly_one_cm":49806},"minecraft:used":{"minecraft:crafting_table":1,"minecraft:wooden_pickaxe":1},"minecraft:crafted":{"minecraft:spruce_planks":8,"minecraft:stick":4,"minecraft:wooden_pickaxe":1},"minecraft:mined":{"minecraft:grass_block":3,"minecraft:furnace":1,"minecraft:red_bed":1,"minecraft:dirt":2,"minecraft:redstone_torch":1,"minecraft:spruce_leaves":1,"minecraft:spruce_log":6,"minecraft:sugar_cane":3,"minecraft:powder_snow":25,"minecraft:crafting_table":2},"minecraft:picked_up":{"minecraft:stick":1,"minecraft:crafting_table":2,"minecraft:redstone_torch":1,"minecraft:spruce_log":6,"minecraft:sugar_cane":11,"minecraft:dirt":5,"minecraft:red_bed":1,"minecraft:furnace":1}},"DataVersion":3465}