{"stats":{"minecraft:killed":{"minecraft:spider":6,"minecraft:skeleton":8,"minecraft:pig":8,"minecraft:creeper":3,"minecraft:sheep":9,"minecraft:zombie":23,"minecraft:cow":3},"minecraft:used":{"minecraft:stone_sword":19,"minecraft:chest":4,"minecraft:iron_sword":196,"minecraft:stone_hoe":80,"minecraft:torch":23,"minecraft:dirt":29,"minecraft:carrot":89,"minecraft:tuff":12,"minecraft:granite":19,"minecraft:birch_sapling":2,"minecraft:bamboo":54,"minecraft:oak_sapling":3,"minecraft:furnace":3,"minecraft:cobbled_deepslate":89,"minecraft:wheat_seeds":11,"minecraft:cooked_mutton":12,"minecraft:water_bucket":27,"minecraft:diorite":1,"minecraft:stone_pickaxe":533,"minecraft:birch_boat":1,"minecraft:wooden_pickaxe":22,"minecraft:sugar_cane":15,"minecraft:crafting_table":5,"minecraft:white_bed":1,"minecraft:diamond_pickaxe":26,"minecraft:iron_pickaxe":1886,"minecraft:stone_axe":49,"minecraft:fishing_rod":182,"minecraft:cobblestone":7,"minecraft:cooked_porkchop":8,"minecraft:andesite":6,"minecraft:bucket":27,"minecraft:bone_meal":39},"minecraft:dropped":{"minecraft:iron_sword":2,"minecraft:gravel":8,"minecraft:rotten_flesh":2,"minecraft:bow":1},"minecraft:mined":{"minecraft:tuff":161,"minecraft:deepslate_diamond_ore":14,"minecraft:obsidian":24,"minecraft:glow_lichen":1,"minecraft:granite":19,"minecraft:grass_block":28,"minecraft:furnace":1,"minecraft:carrots":22,"minecraft:cobbled_deepslate":4,"minecraft:iron_ore":82,"minecraft:andesite":21,"minecraft:deepslate_lapis_ore":14,"minecraft:deepslate_iron_ore":44,"minecraft:bamboo":5,"minecraft:stone":134,"minecraft:deepslate_redstone_ore":20,"minecraft:crafting_table":4,"minecraft:torch":9,"minecraft:tall_grass":5,"minecraft:copper_ore":9,"minecraft:deepslate_gold_ore":4,"minecraft:lapis_ore":5,"minecraft:sugar_cane":8,"minecraft:diorite":4,"minecraft:wall_torch":7,"minecraft:birch_log":46,"minecraft:birch_leaves":1,"minecraft:grass":68,"minecraft:oak_log":15,"minecraft:coal_ore":11,"minecraft:gravel":10,"minecraft:dirt":13,"minecraft:oak_leaves":2,"minecraft:deepslate":1875},"minecraft:crafted":{"minecraft:oak_planks":16,"minecraft:fishing_rod":3,"minecraft:birch_boat":1,"minecraft:furnace":2,"minecraft:bone_meal":39,"minecraft:cooked_mutton":12,"minecraft:iron_boots":1,"minecraft:stone_pickaxe":5,"minecraft:chest":4,"minecraft:stone_hoe":1,"minecraft:cooked_beef":7,"minecraft:cooked_cod":15,"minecraft:cooked_porkchop":17,"minecraft:crafting_table":2,"minecraft:wooden_pickaxe":1,"minecraft:iron_helmet":1,"minecraft:iron_sword":1,"minecraft:bucket":1,"minecraft:birch_planks":108,"minecraft:stone_axe":1,"minecraft:air":0,"minecraft:iron_chestplate":1,"minecraft:diamond_pickaxe":1,"minecraft:charcoal":11,"minecraft:shield":1,"minecraft:stick":48,"minecraft:iron_ingot":126,"minecraft:iron_pickaxe":9,"minecraft:stone_sword":1,"minecraft:iron_leggings":1,"minecraft:white_bed":1,"minecraft:torch":12},"minecraft:custom":{"minecraft:mob_kills":62,"minecraft:interact_with_crafting_table":35,"minecraft:leave_game":9,"minecraft:time_since_death":111651,"minecraft:sprint_one_cm":371498,"minecraft:walk_one_cm":464015,"minecraft:drop":6,"minecraft:play_time":257428,"minecraft:deaths":3,"minecraft:sneak_time":9787,"minecraft:walk_under_water_one_cm":18990,"minecraft:boat_one_cm":572400,"minecraft:jump":1591,"minecraft:walk_on_water_one_cm":22690,"minecraft:total_world_time":257428,"minecraft:interact_with_furnace":43,"minecraft:sleep_in_bed":9,"minecraft:time_since_rest":12320,"minecraft:damage_taken":1639,"minecraft:damage_dealt":9955,"minecraft:swim_one_cm":74641,"minecraft:fly_one_cm":242973,"minecraft:open_chest":56,"minecraft:crouch_one_cm":15715,"minecraft:fish_caught":155,"minecraft:fall_one_cm":12520},"minecraft:broken":{"minecraft:stone_pickaxe":4,"minecraft:iron_pickaxe":7,"minecraft:fishing_rod":2},"minecraft:picked_up":{"minecraft:fishing_rod":1,"minecraft:iron_chestplate":1,"minecraft:crafting_table":5,"minecraft:enchanted_book":2,"minecraft:potion":1,"minecraft:shield":1,"minecraft:string":8,"minecraft:raw_copper":34,"minecraft:iron_leggings":1,"minecraft:pufferfish":21,"minecraft:cobbled_deepslate":2013,"minecraft:beef":7,"minecraft:iron_pickaxe":1,"minecraft:sugar_cane":15,"minecraft:birch_sapling":2,"minecraft:furnace":1,"minecraft:raw_iron":141,"minecraft:stick":2,"minecraft:torch":19,"minecraft:porkchop":17,"minecraft:diorite":4,"minecraft:carrot":79,"minecraft:redstone":109,"minecraft:stone_sword":1,"minecraft:arrow":7,"minecraft:rotten_flesh":32,"minecraft:tropical_fish":6,"minecraft:obsidian":24,"minecraft:mutton":12,"minecraft:cod":91,"minecraft:white_wool":9,"minecraft:cobblestone":225,"minecraft:nautilus_shell":1,"minecraft:birch_log":46,"minecraft:tripwire_hook":1,"minecraft:andesite":21,"minecraft:salmon":39,"minecraft:leather":6,"minecraft:birch_planks":40,"minecraft:tuff":166,"minecraft:oak_log":26,"minecraft:lily_pad":5,"minecraft:gunpowder":2,"minecraft:dirt":43,"minecraft:lapis_lazuli":132,"minecraft:name_tag":2,"minecraft:leather_boots":2,"minecraft:cooked_mutton":6,"minecraft:bone":18,"minecraft:bow":2,"minecraft:wheat_seeds":11,"minecraft:raw_gold":4,"minecraft:stone_pickaxe":2,"minecraft:bamboo":50,"minecraft:oak_planks":1,"minecraft:iron_sword":3,"minecraft:birch_boat":1,"minecraft:gravel":37,"minecraft:sand":12,"minecraft:spider_eye":2,"minecraft:diamond":14,"minecraft:stone_axe":1,"minecraft:iron_helmet":1,"minecraft:granite":19,"minecraft:oak_sapling":3,"minecraft:coal":11}},"DataVersion":3465}