{"stats":{"minecraft:killed":{"minecraft:vindicator":3,"minecraft:spider":11,"minecraft:skeleton":25,"minecraft:pig":8,"minecraft:zombie_villager":1,"minecraft:iron_golem":2,"minecraft:ravager":1,"minecraft:creeper":11,"minecraft:sheep":12,"minecraft:pillager":13,"minecraft:zombie":49,"minecraft:cow":3},"minecraft:dropped":{"minecraft:iron_sword":3,"minecraft:granite":6,"minecraft:turtle_egg":1,"minecraft:dirt":2,"minecraft:smooth_basalt":6,"minecraft:gravel":23,"minecraft:cobbled_deepslate":1,"minecraft:tuff":8,"minecraft:pointed_dripstone":1,"minecraft:obsidian":10,"minecraft:rotten_flesh":5,"minecraft:name_tag":2,"minecraft:poppy":1,"minecraft:gunpowder":4,"minecraft:bow":1},"minecraft:crafted":{"minecraft:oak_planks":96,"minecraft:fishing_rod":4,"minecraft:birch_boat":1,"minecraft:furnace":2,"minecraft:bone_meal":39,"minecraft:cooked_mutton":12,"minecraft:iron_boots":2,"minecraft:iron_axe":2,"minecraft:stone_pickaxe":5,"minecraft:chest":8,"minecraft:stone_hoe":1,"minecraft:cooked_beef":7,"minecraft:cooked_cod":36,"minecraft:emerald":2,"minecraft:cooked_porkchop":17,"minecraft:crafting_table":2,"minecraft:wooden_pickaxe":1,"minecraft:iron_helmet":2,"minecraft:iron_sword":4,"minecraft:bucket":2,"minecraft:birch_planks":108,"minecraft:stone_axe":1,"minecraft:air":0,"minecraft:iron_chestplate":2,"minecraft:diamond_pickaxe":2,"minecraft:charcoal":12,"minecraft:shield":3,"minecraft:stick":132,"minecraft:iron_ingot":126,"minecraft:iron_pickaxe":18,"minecraft:stone_sword":1,"minecraft:iron_shovel":2,"minecraft:iron_leggings":2,"minecraft:white_bed":3,"minecraft:torch":16},"minecraft:picked_up":{"minecraft:fishing_rod":3,"minecraft:iron_chestplate":3,"minecraft:crafting_table":6,"minecraft:wheat":11,"minecraft:potion":1,"minecraft:enchanted_book":3,"minecraft:turtle_egg":1,"minecraft:shield":3,"minecraft:amethyst_block":100,"minecraft:string":19,"minecraft:raw_copper":34,"minecraft:iron_axe":3,"minecraft:iron_leggings":3,"minecraft:pufferfish":25,"minecraft:cobbled_deepslate":3449,"minecraft:beef":7,"minecraft:poppy":1,"minecraft:iron_pickaxe":3,"minecraft:sugar_cane":16,"minecraft:chest":2,"minecraft:birch_sapling":12,"minecraft:iron_boots":2,"minecraft:furnace":1,"minecraft:stick":126,"minecraft:raw_iron":226,"minecraft:torch":107,"minecraft:porkchop":17,"minecraft:pointed_dripstone":65,"minecraft:diorite":21,"minecraft:carrot":531,"minecraft:redstone":156,"minecraft:stone_sword":1,"minecraft:arrow":29,"minecraft:rotten_flesh":65,"minecraft:tropical_fish":6,"minecraft:saddle":1,"minecraft:mutton":16,"minecraft:obsidian":34,"minecraft:cod":96,"minecraft:white_wool":12,"minecraft:cobblestone":368,"minecraft:nautilus_shell":1,"minecraft:birch_log":88,"minecraft:magma_block":3,"minecraft:basalt":2,"minecraft:salmon":39,"minecraft:glow_ink_sac":3,"minecraft:tripwire_hook":2,"minecraft:water_bucket":2,"minecraft:andesite":21,"minecraft:leather":6,"minecraft:birch_planks":40,"minecraft:flint":6,"minecraft:tuff":232,"minecraft:oak_log":234,"minecraft:lily_pad":7,"minecraft:gunpowder":13,"minecraft:lapis_lazuli":230,"minecraft:dirt":70,"minecraft:white_banner":7,"minecraft:name_tag":3,"minecraft:leather_boots":2,"minecraft:cooked_mutton":6,"minecraft:bone":45,"minecraft:apple":6,"minecraft:bow":2,"minecraft:wheat_seeds":41,"minecraft:raw_gold":40,"minecraft:iron_ingot":5,"minecraft:stone_pickaxe":2,"minecraft:bamboo":196,"minecraft:iron_sword":8,"minecraft:oak_planks":1,"minecraft:smooth_basalt":6,"minecraft:birch_boat":1,"minecraft:amethyst_shard":8,"minecraft:gravel":162,"minecraft:sand":217,"minecraft:spruce_sapling":2,"minecraft:white_bed":3,"minecraft:spider_eye":6,"minecraft:diamond":29,"minecraft:stone_axe":1,"minecraft:diamond_axe":3,"minecraft:iron_helmet":3,"minecraft:granite":79,"minecraft:crossbow":1,"minecraft:emerald":1,"minecraft:oak_sapling":47,"minecraft:coal":70,"minecraft:diamond_pickaxe":2},"minecraft:custom":{"minecraft:mob_kills":141,"minecraft:interact_with_crafting_table":60,"minecraft:leave_game":16,"minecraft:time_since_death":88830,"minecraft:climb_one_cm":432,"minecraft:sprint_one_cm":2086674,"minecraft:walk_one_cm":1330045,"minecraft:damage_blocked_by_shield":105,"minecraft:drop":33,"minecraft:talked_to_villager":3,"minecraft:raid_win":2,"minecraft:play_time":615745,"minecraft:deaths":6,"minecraft:sneak_time":37763,"minecraft:walk_under_water_one_cm":36793,"minecraft:boat_one_cm":572400,"minecraft:jump":8734,"minecraft:walk_on_water_one_cm":49763,"minecraft:total_world_time":615745,"minecraft:interact_with_furnace":51,"minecraft:traded_with_villager":2,"minecraft:raid_trigger":1,"minecraft:sleep_in_bed":23,"minecraft:time_since_rest":88851,"minecraft:damage_taken":4770,"minecraft:damage_dealt":28568,"minecraft:swim_one_cm":223670,"minecraft:fly_one_cm":947651,"minecraft:open_chest":126,"minecraft:crouch_one_cm":99595,"minecraft:fish_caught":164,"minecraft:fall_one_cm":79240},"minecraft:mined":{"minecraft:large_amethyst_bud":1,"minecraft:tuff":227,"minecraft:white_bed":3,"minecraft:deepslate_diamond_ore":29,"minecraft:obsidian":34,"minecraft:glow_lichen":1,"minecraft:granite":68,"minecraft:budding_amethyst":6,"minecraft:grass_block":42,"minecraft:spruce_leaves":7,"minecraft:magma_block":6,"minecraft:furnace":1,"minecraft:carrots":134,"minecraft:iron_ore":134,"minecraft:cobbled_deepslate":155,"minecraft:andesite":21,"minecraft:deepslate_lapis_ore":31,"minecraft:pointed_dripstone":22,"minecraft:deepslate_iron_ore":78,"minecraft:bamboo":17,"minecraft:stone":285,"minecraft:deepslate_redstone_ore":30,"minecraft:amethyst_cluster":2,"minecraft:crafting_table":5,"minecraft:torch":85,"minecraft:chest":2,"minecraft:cobblestone":1,"minecraft:tall_grass":5,"minecraft:copper_ore":9,"minecraft:deepslate_gold_ore":36,"minecraft:lapis_ore":5,"minecraft:sugar_cane":8,"minecraft:diorite":21,"minecraft:wall_torch":12,"minecraft:amethyst_block":100,"minecraft:birch_log":76,"minecraft:wheat":11,"minecraft:birch_leaves":6,"minecraft:grass":70,"minecraft:coal_ore":69,"minecraft:oak_log":145,"minecraft:gravel":82,"minecraft:sand":205,"minecraft:dirt":21,"minecraft:smooth_basalt":4,"minecraft:netherrack":1,"minecraft:gold_ore":4,"minecraft:oak_leaves":58,"minecraft:deepslate":3226},"minecraft:killed_by":{"minecraft:zombie":2},"minecraft:used":{"minecraft:stone_sword":19,"minecraft:iron_shovel":205,"minecraft:chest":10,"minecraft:shield":2,"minecraft:iron_sword":560,"minecraft:stone_hoe":80,"minecraft:torch":107,"minecraft:dirt":65,"minecraft:carrot":318,"minecraft:tuff":12,"minecraft:granite":19,"minecraft:iron_axe":163,"minecraft:birch_sapling":2,"minecraft:bamboo":200,"minecraft:basalt":1,"minecraft:furnace":3,"minecraft:oak_sapling":4,"minecraft:cooked_cod":25,"minecraft:cooked_beef":7,"minecraft:cobbled_deepslate":3245,"minecraft:wheat_seeds":11,"minecraft:cooked_mutton":12,"minecraft:water_bucket":55,"minecraft:diorite":1,"minecraft:stone_pickaxe":533,"minecraft:wooden_pickaxe":22,"minecraft:birch_boat":1,"minecraft:sugar_cane":15,"minecraft:diamond_axe":28,"minecraft:crafting_table":6,"minecraft:crossbow":1,"minecraft:white_bed":5,"minecraft:oak_log":6,"minecraft:diamond_pickaxe":39,"minecraft:iron_pickaxe":4079,"minecraft:spruce_sapling":2,"minecraft:stone_axe":51,"minecraft:fishing_rod":199,"minecraft:cobblestone":29,"minecraft:cooked_porkchop":8,"minecraft:bucket":57,"minecraft:andesite":6,"minecraft:bone_meal":39},"minecraft:broken":{"minecraft:stone_pickaxe":4,"minecraft:iron_sword":1,"minecraft:iron_pickaxe":16,"minecraft:fishing_rod":2}},"DataVersion":3465}