{"stats":{"minecraft:mined":{"minecraft:furnace":1,"minecraft:birch_log":65,"minecraft:iron_ore":4,"minecraft:birch_leaves":2,"minecraft:crafting_table":1,"minecraft:grass":1,"minecraft:grass_block":4,"minecraft:coal_ore":1,"minecraft:dirt":8,"minecraft:stone":19},"minecraft:picked_up":{"minecraft:birch_log":65,"minecraft:crafting_table":1,"minecraft:stick":18,"minecraft:raw_iron":4,"minecraft:porkchop":4,"minecraft:spider_eye":1,"minecraft:string":2,"minecraft:dirt":12,"minecraft:rotten_flesh":2,"minecraft:birch_sapling":4,"minecraft:mutton":2,"minecraft:coal":1,"minecraft:white_wool":1,"minecraft:cobblestone":19,"minecraft:furnace":1},"minecraft:crafted":{"minecraft:cooked_porkchop":4,"minecraft:crafting_table":1,"minecraft:iron_ingot":1,"minecraft:wooden_pickaxe":1,"minecraft:stone_pickaxe":1,"minecraft:furnace":1,"minecraft:birch_planks":12,"minecraft:stone_axe":1,"minecraft:cooked_mutton":2,"minecraft:air":0},"minecraft:killed":{"minecraft:zombie":1,"minecraft:pig":2,"minecraft:spider":1},"minecraft:used":{"minecraft:stone_pickaxe":6,"minecraft:birch_sapling":4,"minecraft:wooden_pickaxe":20,"minecraft:stone_axe":6,"minecraft:white_wool":1,"minecraft:dirt":3,"minecraft:crafting_table":1,"minecraft:furnace":1,"minecraft:cooked_porkchop":1},"minecraft:custom":{"minecraft:time_since_rest":14910,"minecraft:interact_with_furnace":7,"minecraft:sprint_one_cm":42899,"minecraft:damage_taken":158,"minecraft:walk_one_cm":45185,"minecraft:mob_kills":4,"minecraft:damage_dealt":615,"minecraft:interact_with_crafting_table":3,"minecraft:fly_one_cm":14389,"minecraft:play_time":14910,"minecraft:sneak_time":12,"minecraft:jump":144,"minecraft:leave_game":1,"minecraft:time_since_death":14910,"minecraft:total_world_time":14910,"minecraft:fall_one_cm":1645}},"DataVersion":3465}