{"stats":{"minecraft:killed":{"minecraft:spider":7,"minecraft:cod":14,"minecraft:skeleton":13,"minecraft:chicken":7,"minecraft:drowned":32,"minecraft:turtle":2,"minecraft:pig":21,"minecraft:zombie_villager":2,"minecraft:salmon":2,"minecraft:rabbit":1,"minecraft:squid":2,"minecraft:creeper":8,"minecraft:sheep":8,"minecraft:zombie":25,"minecraft:cow":11},"minecraft:used":{"minecraft:stone_shovel":1045,"minecraft:chest":18,"minecraft:spruce_planks":2,"minecraft:shield":28,"minecraft:iron_sword":460,"minecraft:cooked_salmon":2,"minecraft:cooked_chicken":3,"minecraft:rotten_flesh":2,"minecraft:iron_chestplate":1,"minecraft:torch":39,"minecraft:dirt":78,"minecraft:birch_pressure_plate":4,"minecraft:spruce_fence":45,"minecraft:birch_door":2,"minecraft:glass":504,"minecraft:lantern":3,"minecraft:birch_sapling":8,"minecraft:iron_helmet":1,"minecraft:birch_trapdoor":2,"minecraft:magma_block":1,"minecraft:sweet_berries":506,"minecraft:furnace":17,"minecraft:cooked_cod":3,"minecraft:iron_leggings":1,"minecraft:cooked_mutton":2,"minecraft:water_bucket":38,"minecraft:birch_planks":207,"minecraft:stone_pickaxe":979,"minecraft:wooden_pickaxe":57,"minecraft:birch_boat":9,"minecraft:fletching_table":1,"minecraft:stonecutter":1,"minecraft:spruce_fence_gate":1,"minecraft:white_wool":1,"minecraft:sand":281,"minecraft:loom":1,"minecraft:blast_furnace":2,"minecraft:crafting_table":20,"minecraft:white_bed":15,"minecraft:spruce_log":2,"minecraft:smoker":2,"minecraft:birch_slab":191,"minecraft:bread":1,"minecraft:iron_pickaxe":266,"minecraft:spruce_pressure_plate":2,"minecraft:gravel":1,"minecraft:stone_axe":551,"minecraft:cobblestone":263,"minecraft:bucket":40,"minecraft:cooked_porkchop":8,"minecraft:birch_log":277,"minecraft:smithing_table":1,"minecraft:bone_meal":14,"minecraft:birch_stairs":68},"minecraft:dropped":{"minecraft:iron_sword":1,"minecraft:moss_block":4,"minecraft:birch_planks":1,"minecraft:wheat_seeds":2,"minecraft:crafting_table":2,"minecraft:dark_oak_sapling":1,"minecraft:cobblestone":297,"minecraft:granite":2,"minecraft:jungle_planks":2,"minecraft:coal":19,"minecraft:stick":4,"minecraft:dirt":6,"minecraft:diorite":11,"minecraft:seagrass":1,"minecraft:jungle_sapling":1,"minecraft:bone_meal":1,"minecraft:flowering_azalea":1,"minecraft:sand":43,"minecraft:bone":1,"minecraft:gravel":29,"minecraft:moss_carpet":1,"minecraft:cobblestone_wall":2,"minecraft:cobbled_deepslate":2,"minecraft:tuff":1,"minecraft:rotten_flesh":4,"minecraft:light_gray_wool":2,"minecraft:filled_map":1,"minecraft:shield":1,"minecraft:andesite":23,"minecraft:mossy_stone_bricks":1,"minecraft:oak_sapling":2,"minecraft:spider_eye":1,"minecraft:arrow":1,"minecraft:black_wool":1},"minecraft:mined":{"minecraft:tuff":1,"minecraft:spruce_planks":2,"minecraft:white_bed":13,"minecraft:deepslate_diamond_ore":3,"minecraft:dark_oak_leaves":3,"minecraft:jungle_leaves":38,"minecraft:cave_vines_plant":2,"minecraft:granite":38,"minecraft:grass_block":25,"minecraft:jungle_log":12,"minecraft:birch_slab":7,"minecraft:spruce_leaves":57,"minecraft:moss_block":6,"minecraft:sandstone":1,"minecraft:large_fern":9,"minecraft:spore_blossom":1,"minecraft:magma_block":1,"minecraft:redstone_ore":13,"minecraft:furnace":14,"minecraft:iron_ore":92,"minecraft:andesite":57,"minecraft:pumpkin":1,"minecraft:deepslate_lapis_ore":3,"minecraft:fletching_table":1,"minecraft:gold_block":1,"minecraft:dirt_path":2,"minecraft:deepslate_iron_ore":19,"minecraft:flowering_azalea_leaves":1,"minecraft:lantern":1,"minecraft:azalea_leaves":1,"minecraft:bamboo":1,"minecraft:azalea":1,"minecraft:stone":672,"minecraft:birch_stairs":24,"minecraft:flowering_azalea":2,"minecraft:smoker":1,"minecraft:dandelion":4,"minecraft:clay":6,"minecraft:crafting_table":19,"minecraft:torch":22,"minecraft:blast_furnace":1,"minecraft:poppy":4,"minecraft:chest":6,"minecraft:cobblestone":148,"minecraft:glass":15,"minecraft:copper_ore":8,"minecraft:tall_grass":2,"minecraft:sugar_cane":26,"minecraft:deepslate_gold_ore":4,"minecraft:lapis_ore":2,"minecraft:diorite":36,"minecraft:wall_torch":9,"minecraft:seagrass":1,"minecraft:birch_planks":49,"minecraft:cobblestone_wall":4,"minecraft:birch_log":379,"minecraft:sweet_berry_bush":69,"minecraft:spruce_log":58,"minecraft:birch_leaves":22,"minecraft:grass":6,"minecraft:coal_ore":152,"minecraft:cocoa":5,"minecraft:gravel":39,"minecraft:sand":951,"minecraft:dirt":61,"minecraft:cracked_stone_bricks":1,"minecraft:mossy_stone_bricks":1,"minecraft:oak_leaves":6,"minecraft:deepslate":3,"minecraft:fern":9},"minecraft:crafted":{"minecraft:smooth_stone":5,"minecraft:stone_shovel":8,"minecraft:iron_nugget":18,"minecraft:birch_boat":1,"minecraft:cooked_chicken":7,"minecraft:birch_slab":234,"minecraft:furnace":5,"minecraft:blast_furnace":1,"minecraft:loom":1,"minecraft:stone":8,"minecraft:bone_meal":15,"minecraft:spruce_fence":54,"minecraft:spruce_pressure_plate":2,"minecraft:cooked_mutton":15,"minecraft:glass":561,"minecraft:lantern":2,"minecraft:iron_boots":1,"minecraft:stone_pickaxe":10,"minecraft:chest":14,"minecraft:birch_door":3,"minecraft:smoker":1,"minecraft:cooked_beef":26,"minecraft:cooked_cod":14,"minecraft:cooked_porkchop":42,"minecraft:crafting_table":3,"minecraft:spruce_planks":224,"minecraft:wooden_pickaxe":1,"minecraft:iron_helmet":1,"minecraft:iron_sword":2,"minecraft:birch_pressure_plate":4,"minecraft:smithing_table":1,"minecraft:cooked_salmon":2,"minecraft:copper_ingot":28,"minecraft:fletching_table":1,"minecraft:birch_planks":388,"minecraft:bucket":2,"minecraft:stone_axe":5,"minecraft:air":0,"minecraft:jungle_planks":16,"minecraft:white_wool":1,"minecraft:iron_chestplate":1,"minecraft:shield":1,"minecraft:white_dye":1,"minecraft:stick":52,"minecraft:iron_ingot":111,"minecraft:iron_pickaxe":2,"minecraft:birch_trapdoor":2,"minecraft:gold_ingot":13,"minecraft:iron_leggings":1,"minecraft:stonecutter":1,"minecraft:white_bed":2,"minecraft:spruce_fence_gate":1,"minecraft:torch":4,"minecraft:birch_stairs":44},"minecraft:custom":{"minecraft:interact_with_smithing_table":5,"minecraft:mob_kills":185,"minecraft:animals_bred":1,"minecraft:interact_with_crafting_table":115,"minecraft:bell_ring":23,"minecraft:leave_game":10,"minecraft:time_since_death":598687,"minecraft:climb_one_cm":9395,"minecraft:sprint_one_cm":1964620,"minecraft:walk_one_cm":1216779,"minecraft:damage_blocked_by_shield":915,"minecraft:drop":53,"minecraft:talked_to_villager":4,"minecraft:play_time":598687,"minecraft:sneak_time":21071,"minecraft:walk_under_water_one_cm":376828,"minecraft:boat_one_cm":197505,"minecraft:jump":6058,"minecraft:interact_with_blast_furnace":27,"minecraft:walk_on_water_one_cm":167936,"minecraft:total_world_time":598687,"minecraft:interact_with_furnace":198,"minecraft:interact_with_loom":1,"minecraft:interact_with_stonecutter":4,"minecraft:sleep_in_bed":43,"minecraft:time_since_rest":5050,"minecraft:damage_taken":3732,"minecraft:damage_dealt":24486,"minecraft:swim_one_cm":461231,"minecraft:fly_one_cm":1005373,"minecraft:open_chest":258,"minecraft:crouch_one_cm":49117,"minecraft:interact_with_smoker":18,"minecraft:fall_one_cm":93835},"minecraft:broken":{"minecraft:wooden_pickaxe":1,"minecraft:stone_pickaxe":7,"minecraft:stone_axe":4,"minecraft:iron_sword":1,"minecraft:iron_pickaxe":1,"minecraft:stone_shovel":7},"minecraft:picked_up":{"minecraft:seagrass":2,"minecraft:cocoa_beans":15,"minecraft:crafting_table":20,"minecraft:chicken":7,"minecraft:clay_ball":28,"minecraft:gold_block":1,"minecraft:shield":1,"minecraft:string":4,"minecraft:moss_carpet":1,"minecraft:raw_copper":28,"minecraft:cobbled_deepslate":4,"minecraft:spruce_planks":2,"minecraft:beef":26,"minecraft:jungle_sapling":1,"minecraft:poppy":4,"minecraft:light_gray_wool":2,"minecraft:sugar_cane":70,"minecraft:chest":6,"minecraft:birch_sapling":65,"minecraft:egg":1,"minecraft:furnace":14,"minecraft:dark_oak_sapling":1,"minecraft:stick":57,"minecraft:raw_iron":111,"minecraft:sandstone":1,"minecraft:big_dripleaf":5,"minecraft:copper_ingot":3,"minecraft:torch":41,"minecraft:porkchop":47,"minecraft:diorite":26,"minecraft:redstone":60,"minecraft:rabbit_foot":1,"minecraft:arrow":14,"minecraft:rotten_flesh":68,"minecraft:glow_berries":11,"minecraft:mutton":15,"minecraft:cod":14,"minecraft:white_wool":6,"minecraft:cobblestone":856,"minecraft:birch_log":379,"minecraft:magma_block":1,"minecraft:feather":4,"minecraft:jungle_log":12,"minecraft:andesite":40,"minecraft:birch_slab":10,"minecraft:salmon":2,"minecraft:brown_wool":1,"minecraft:leather":6,"minecraft:smoker":1,"minecraft:potato":1,"minecraft:birch_planks":50,"minecraft:flint":2,"minecraft:tuff":1,"minecraft:cobblestone_wall":3,"minecraft:gunpowder":8,"minecraft:lantern":1,"minecraft:lapis_lazuli":32,"minecraft:dirt":84,"minecraft:bone":16,"minecraft:apple":1,"minecraft:wheat_seeds":2,"minecraft:raw_gold":4,"minecraft:spore_blossom":1,"minecraft:rabbit_hide":1,"minecraft:mossy_stone_bricks":1,"minecraft:fletching_table":1,"minecraft:rabbit":1,"minecraft:bamboo":13,"minecraft:moss_block":4,"minecraft:iron_sword":1,"minecraft:flowering_azalea":4,"minecraft:birch_boat":8,"minecraft:pumpkin":1,"minecraft:sweet_berries":547,"minecraft:dandelion":4,"minecraft:gravel":36,"minecraft:sand":949,"minecraft:birch_stairs":24,"minecraft:blast_furnace":1,"minecraft:spruce_sapling":12,"minecraft:ink_sac":5,"minecraft:white_bed":13,"minecraft:spruce_log":59,"minecraft:spider_eye":5,"minecraft:diamond":4,"minecraft:granite":18,"minecraft:bone_meal":1,"minecraft:oak_sapling":2,"minecraft:black_wool":1,"minecraft:coal":232}},"DataVersion":3465}