{"stats":{"minecraft:killed":{"minecraft:spider":2,"minecraft:cod":13,"minecraft:skeleton":3,"minecraft:chicken":5,"minecraft:drowned":13,"minecraft:turtle":2,"minecraft:pig":16,"minecraft:rabbit":1,"minecraft:creeper":5,"minecraft:squid":1,"minecraft:sheep":7,"minecraft:zombie":12,"minecraft:cow":8},"minecraft:used":{"minecraft:stone_shovel":324,"minecraft:spruce_planks":2,"minecraft:chest":2,"minecraft:shield":7,"minecraft:iron_sword":228,"minecraft:cooked_salmon":2,"minecraft:cooked_chicken":3,"minecraft:rotten_flesh":2,"minecraft:iron_chestplate":1,"minecraft:torch":25,"minecraft:dirt":39,"minecraft:birch_pressure_plate":4,"minecraft:spruce_fence":45,"minecraft:birch_door":2,"minecraft:glass":112,"minecraft:birch_sapling":4,"minecraft:iron_helmet":1,"minecraft:sweet_berries":188,"minecraft:furnace":9,"minecraft:cooked_cod":3,"minecraft:iron_leggings":1,"minecraft:cooked_mutton":2,"minecraft:birch_planks":192,"minecraft:stone_pickaxe":845,"minecraft:wooden_pickaxe":57,"minecraft:birch_boat":9,"minecraft:spruce_fence_gate":1,"minecraft:white_wool":1,"minecraft:crafting_table":17,"minecraft:white_bed":14,"minecraft:spruce_log":2,"minecraft:birch_slab":6,"minecraft:bread":1,"minecraft:iron_pickaxe":60,"minecraft:spruce_pressure_plate":2,"minecraft:stone_axe":452,"minecraft:cobblestone":234,"minecraft:cooked_porkchop":8,"minecraft:birch_log":235,"minecraft:birch_stairs":10},"minecraft:dropped":{"minecraft:iron_sword":1,"minecraft:moss_block":1,"minecraft:birch_planks":1,"minecraft:wheat_seeds":2,"minecraft:crafting_table":2,"minecraft:dark_oak_sapling":1,"minecraft:cobblestone":297,"minecraft:granite":2,"minecraft:jungle_planks":2,"minecraft:coal":19,"minecraft:stick":4,"minecraft:seagrass":1,"minecraft:jungle_sapling":1,"minecraft:bone_meal":1,"minecraft:sand":43,"minecraft:bone":1,"minecraft:gravel":27,"minecraft:cobblestone_wall":2,"minecraft:rotten_flesh":4,"minecraft:light_gray_wool":2,"minecraft:filled_map":1,"minecraft:shield":1,"minecraft:andesite":20,"minecraft:mossy_stone_bricks":1,"minecraft:oak_sapling":2,"minecraft:spider_eye":1,"minecraft:arrow":1,"minecraft:black_wool":1},"minecraft:mined":{"minecraft:spruce_planks":2,"minecraft:white_bed":13,"minecraft:dark_oak_leaves":3,"minecraft:jungle_leaves":38,"minecraft:granite":38,"minecraft:grass_block":23,"minecraft:jungle_log":12,"minecraft:birch_slab":1,"minecraft:spruce_leaves":44,"minecraft:moss_block":2,"minecraft:sandstone":1,"minecraft:large_fern":8,"minecraft:furnace":7,"minecraft:iron_ore":25,"minecraft:andesite":54,"minecraft:pumpkin":1,"minecraft:gold_block":1,"minecraft:dirt_path":2,"minecraft:bamboo":1,"minecraft:stone":542,"minecraft:birch_stairs":2,"minecraft:dandelion":4,"minecraft:crafting_table":16,"minecraft:torch":15,"minecraft:poppy":4,"minecraft:glass":5,"minecraft:copper_ore":8,"minecraft:cobblestone":138,"minecraft:lapis_ore":2,"minecraft:sugar_cane":11,"minecraft:diorite":25,"minecraft:wall_torch":8,"minecraft:birch_planks":27,"minecraft:cobblestone_wall":4,"minecraft:birch_log":358,"minecraft:sweet_berry_bush":59,"minecraft:spruce_log":50,"minecraft:birch_leaves":21,"minecraft:grass":5,"minecraft:coal_ore":108,"minecraft:cocoa":5,"minecraft:gravel":37,"minecraft:sand":236,"minecraft:dirt":31,"minecraft:cracked_stone_bricks":1,"minecraft:mossy_stone_bricks":1,"minecraft:oak_leaves":6,"minecraft:fern":8},"minecraft:crafted":{"minecraft:stone_shovel":3,"minecraft:birch_boat":1,"minecraft:cooked_chicken":3,"minecraft:birch_slab":6,"minecraft:furnace":2,"minecraft:spruce_fence":54,"minecraft:spruce_pressure_plate":2,"minecraft:cooked_mutton":10,"minecraft:glass":131,"minecraft:iron_boots":1,"minecraft:stone_pickaxe":7,"minecraft:chest":2,"minecraft:birch_door":3,"minecraft:cooked_beef":8,"minecraft:cooked_cod":13,"minecraft:cooked_porkchop":9,"minecraft:crafting_table":2,"minecraft:spruce_planks":96,"minecraft:wooden_pickaxe":1,"minecraft:iron_helmet":1,"minecraft:iron_sword":1,"minecraft:birch_pressure_plate":4,"minecraft:copper_ingot":28,"minecraft:birch_planks":224,"minecraft:stone_axe":4,"minecraft:air":0,"minecraft:jungle_planks":16,"minecraft:iron_chestplate":1,"minecraft:shield":1,"minecraft:stick":28,"minecraft:iron_ingot":25,"minecraft:iron_pickaxe":1,"minecraft:iron_leggings":1,"minecraft:gold_ingot":9,"minecraft:white_bed":1,"minecraft:spruce_fence_gate":1,"minecraft:birch_stairs":8,"minecraft:torch":4},"minecraft:custom":{"minecraft:mob_kills":116,"minecraft:animals_bred":1,"minecraft:interact_with_crafting_table":52,"minecraft:bell_ring":11,"minecraft:leave_game":7,"minecraft:time_since_death":299055,"minecraft:climb_one_cm":6518,"minecraft:sprint_one_cm":1018023,"minecraft:walk_one_cm":680006,"minecraft:damage_blocked_by_shield":255,"minecraft:drop":43,"minecraft:talked_to_villager":4,"minecraft:play_time":299055,"minecraft:sneak_time":14114,"minecraft:walk_under_water_one_cm":58064,"minecraft:boat_one_cm":197505,"minecraft:jump":3406,"minecraft:walk_on_water_one_cm":54010,"minecraft:total_world_time":299055,"minecraft:interact_with_furnace":75,"minecraft:sleep_in_bed":16,"minecraft:time_since_rest":12320,"minecraft:damage_taken":1707,"minecraft:damage_dealt":12822,"minecraft:swim_one_cm":138418,"minecraft:fly_one_cm":534983,"minecraft:open_chest":65,"minecraft:crouch_one_cm":41181,"minecraft:fall_one_cm":53005},"minecraft:broken":{"minecraft:wooden_pickaxe":1,"minecraft:stone_pickaxe":6,"minecraft:stone_axe":3,"minecraft:stone_shovel":2},"minecraft:picked_up":{"minecraft:seagrass":2,"minecraft:cocoa_beans":15,"minecraft:crafting_table":17,"minecraft:chicken":5,"minecraft:gold_block":1,"minecraft:shield":1,"minecraft:string":2,"minecraft:raw_copper":28,"minecraft:spruce_planks":2,"minecraft:beef":18,"minecraft:jungle_sapling":1,"minecraft:poppy":4,"minecraft:light_gray_wool":2,"minecraft:sugar_cane":28,"minecraft:birch_sapling":59,"minecraft:furnace":7,"minecraft:dark_oak_sapling":1,"minecraft:stick":50,"minecraft:raw_iron":25,"minecraft:sandstone":1,"minecraft:copper_ingot":2,"minecraft:torch":27,"minecraft:porkchop":36,"minecraft:diorite":15,"minecraft:rabbit_foot":1,"minecraft:arrow":2,"minecraft:rotten_flesh":33,"minecraft:mutton":13,"minecraft:cod":13,"minecraft:white_wool":6,"minecraft:cobblestone":711,"minecraft:birch_log":358,"minecraft:feather":3,"minecraft:birch_slab":2,"minecraft:andesite":37,"minecraft:jungle_log":12,"minecraft:leather":2,"minecraft:potato":1,"minecraft:birch_planks":28,"minecraft:flint":2,"minecraft:gunpowder":5,"minecraft:cobblestone_wall":3,"minecraft:lapis_lazuli":13,"minecraft:dirt":52,"minecraft:bone":4,"minecraft:apple":1,"minecraft:wheat_seeds":2,"minecraft:rabbit_hide":1,"minecraft:mossy_stone_bricks":1,"minecraft:rabbit":1,"minecraft:bamboo":13,"minecraft:moss_block":1,"minecraft:iron_sword":1,"minecraft:birch_boat":8,"minecraft:pumpkin":1,"minecraft:sweet_berries":267,"minecraft:dandelion":4,"minecraft:gravel":33,"minecraft:birch_stairs":2,"minecraft:sand":236,"minecraft:spruce_sapling":11,"minecraft:ink_sac":2,"minecraft:spruce_log":50,"minecraft:white_bed":13,"minecraft:spider_eye":4,"minecraft:granite":18,"minecraft:bone_meal":1,"minecraft:oak_sapling":2,"minecraft:black_wool":1,"minecraft:coal":106}},"DataVersion":3465}