{"stats":{"minecraft:killed":{"minecraft:spider":5,"minecraft:cod":14,"minecraft:skeleton":13,"minecraft:chicken":6,"minecraft:drowned":15,"minecraft:turtle":2,"minecraft:pig":20,"minecraft:zombie_villager":2,"minecraft:salmon":2,"minecraft:rabbit":1,"minecraft:creeper":7,"minecraft:squid":2,"minecraft:sheep":8,"minecraft:zombie":24,"minecraft:cow":11},"minecraft:dropped":{"minecraft:iron_sword":1,"minecraft:moss_block":4,"minecraft:birch_planks":1,"minecraft:wheat_seeds":2,"minecraft:crafting_table":2,"minecraft:dark_oak_sapling":1,"minecraft:cobblestone":297,"minecraft:granite":2,"minecraft:jungle_planks":2,"minecraft:coal":19,"minecraft:stick":4,"minecraft:dirt":6,"minecraft:diorite":11,"minecraft:seagrass":1,"minecraft:jungle_sapling":1,"minecraft:bone_meal":1,"minecraft:flowering_azalea":1,"minecraft:sand":43,"minecraft:bone":1,"minecraft:gravel":27,"minecraft:moss_carpet":1,"minecraft:cobbled_deepslate":2,"minecraft:cobblestone_wall":2,"minecraft:tuff":1,"minecraft:rotten_flesh":4,"minecraft:light_gray_wool":2,"minecraft:filled_map":1,"minecraft:shield":1,"minecraft:andesite":23,"minecraft:mossy_stone_bricks":1,"minecraft:oak_sapling":2,"minecraft:spider_eye":1,"minecraft:arrow":1,"minecraft:black_wool":1},"minecraft:crafted":{"minecraft:smooth_stone":5,"minecraft:stone_shovel":3,"minecraft:iron_nugget":18,"minecraft:birch_boat":1,"minecraft:cooked_chicken":3,"minecraft:birch_slab":132,"minecraft:furnace":3,"minecraft:blast_furnace":1,"minecraft:stone":8,"minecraft:bone_meal":3,"minecraft:spruce_fence":54,"minecraft:cooked_mutton":15,"minecraft:spruce_pressure_plate":2,"minecraft:glass":131,"minecraft:lantern":2,"minecraft:iron_boots":1,"minecraft:stone_pickaxe":8,"minecraft:chest":14,"minecraft:birch_door":3,"minecraft:smoker":1,"minecraft:cooked_beef":26,"minecraft:cooked_cod":14,"minecraft:cooked_porkchop":40,"minecraft:crafting_table":3,"minecraft:spruce_planks":216,"minecraft:wooden_pickaxe":1,"minecraft:iron_helmet":1,"minecraft:iron_sword":2,"minecraft:birch_pressure_plate":4,"minecraft:smithing_table":1,"minecraft:cooked_salmon":2,"minecraft:copper_ingot":28,"minecraft:fletching_table":1,"minecraft:bucket":2,"minecraft:birch_planks":316,"minecraft:stone_axe":5,"minecraft:air":0,"minecraft:jungle_planks":16,"minecraft:white_wool":1,"minecraft:iron_chestplate":1,"minecraft:white_dye":1,"minecraft:shield":1,"minecraft:stick":40,"minecraft:iron_ingot":111,"minecraft:iron_pickaxe":2,"minecraft:iron_leggings":1,"minecraft:gold_ingot":13,"minecraft:stonecutter":1,"minecraft:white_bed":2,"minecraft:spruce_fence_gate":1,"minecraft:torch":4,"minecraft:birch_stairs":36},"minecraft:picked_up":{"minecraft:seagrass":2,"minecraft:cocoa_beans":15,"minecraft:crafting_table":20,"minecraft:chicken":6,"minecraft:clay_ball":28,"minecraft:gold_block":1,"minecraft:shield":1,"minecraft:moss_carpet":1,"minecraft:string":3,"minecraft:raw_copper":28,"minecraft:cobbled_deepslate":4,"minecraft:spruce_planks":2,"minecraft:beef":26,"minecraft:jungle_sapling":1,"minecraft:poppy":4,"minecraft:light_gray_wool":2,"minecraft:sugar_cane":70,"minecraft:chest":6,"minecraft:birch_sapling":59,"minecraft:furnace":11,"minecraft:dark_oak_sapling":1,"minecraft:stick":51,"minecraft:raw_iron":111,"minecraft:sandstone":1,"minecraft:big_dripleaf":5,"minecraft:copper_ingot":2,"minecraft:torch":31,"minecraft:porkchop":45,"minecraft:diorite":26,"minecraft:redstone":60,"minecraft:rabbit_foot":1,"minecraft:rotten_flesh":48,"minecraft:arrow":14,"minecraft:glow_berries":11,"minecraft:mutton":15,"minecraft:cod":14,"minecraft:white_wool":6,"minecraft:cobblestone":851,"minecraft:birch_log":360,"minecraft:feather":4,"minecraft:salmon":2,"minecraft:jungle_log":12,"minecraft:birch_slab":3,"minecraft:andesite":40,"minecraft:leather":6,"minecraft:brown_wool":1,"minecraft:potato":1,"minecraft:birch_planks":48,"minecraft:flint":2,"minecraft:tuff":1,"minecraft:cobblestone_wall":3,"minecraft:gunpowder":6,"minecraft:lapis_lazuli":32,"minecraft:dirt":59,"minecraft:bone":16,"minecraft:apple":1,"minecraft:wheat_seeds":2,"minecraft:raw_gold":4,"minecraft:spore_blossom":1,"minecraft:rabbit_hide":1,"minecraft:fletching_table":1,"minecraft:flowering_azalea":4,"minecraft:mossy_stone_bricks":1,"minecraft:rabbit":1,"minecraft:bamboo":13,"minecraft:moss_block":4,"minecraft:iron_sword":1,"minecraft:birch_boat":8,"minecraft:pumpkin":1,"minecraft:sweet_berries":373,"minecraft:dandelion":4,"minecraft:gravel":33,"minecraft:sand":236,"minecraft:birch_stairs":20,"minecraft:spruce_sapling":12,"minecraft:ink_sac":3,"minecraft:white_bed":13,"minecraft:spruce_log":59,"minecraft:spider_eye":5,"minecraft:diamond":4,"minecraft:granite":18,"minecraft:bone_meal":1,"minecraft:oak_sapling":2,"minecraft:black_wool":1,"minecraft:coal":151},"minecraft:mined":{"minecraft:tuff":1,"minecraft:spruce_planks":2,"minecraft:white_bed":13,"minecraft:deepslate_diamond_ore":3,"minecraft:dark_oak_leaves":3,"minecraft:jungle_leaves":38,"minecraft:cave_vines_plant":2,"minecraft:granite":38,"minecraft:grass_block":25,"minecraft:jungle_log":12,"minecraft:spruce_leaves":57,"minecraft:birch_slab":2,"minecraft:moss_block":6,"minecraft:sandstone":1,"minecraft:large_fern":9,"minecraft:spore_blossom":1,"minecraft:redstone_ore":13,"minecraft:furnace":11,"minecraft:iron_ore":92,"minecraft:andesite":57,"minecraft:pumpkin":1,"minecraft:fletching_table":1,"minecraft:deepslate_lapis_ore":3,"minecraft:gold_block":1,"minecraft:deepslate_iron_ore":19,"minecraft:flowering_azalea_leaves":1,"minecraft:dirt_path":2,"minecraft:azalea_leaves":1,"minecraft:bamboo":1,"minecraft:azalea":1,"minecraft:stone":669,"minecraft:birch_stairs":20,"minecraft:flowering_azalea":2,"minecraft:dandelion":4,"minecraft:clay":6,"minecraft:crafting_table":19,"minecraft:torch":19,"minecraft:poppy":4,"minecraft:chest":6,"minecraft:tall_grass":2,"minecraft:glass":5,"minecraft:cobblestone":145,"minecraft:copper_ore":8,"minecraft:deepslate_gold_ore":4,"minecraft:lapis_ore":2,"minecraft:sugar_cane":26,"minecraft:diorite":36,"minecraft:wall_torch":8,"minecraft:seagrass":1,"minecraft:birch_planks":47,"minecraft:cobblestone_wall":4,"minecraft:birch_log":360,"minecraft:sweet_berry_bush":69,"minecraft:spruce_log":58,"minecraft:birch_leaves":21,"minecraft:grass":6,"minecraft:coal_ore":152,"minecraft:cocoa":5,"minecraft:gravel":37,"minecraft:sand":236,"minecraft:dirt":36,"minecraft:cracked_stone_bricks":1,"minecraft:mossy_stone_bricks":1,"minecraft:deepslate":3,"minecraft:oak_leaves":6,"minecraft:fern":9},"minecraft:custom":{"minecraft:interact_with_smithing_table":5,"minecraft:mob_kills":162,"minecraft:animals_bred":1,"minecraft:interact_with_crafting_table":100,"minecraft:bell_ring":11,"minecraft:leave_game":9,"minecraft:time_since_death":446582,"minecraft:climb_one_cm":9395,"minecraft:sprint_one_cm":1626212,"minecraft:walk_one_cm":958132,"minecraft:damage_blocked_by_shield":915,"minecraft:drop":51,"minecraft:talked_to_villager":4,"minecraft:play_time":446582,"minecraft:sneak_time":16894,"minecraft:walk_under_water_one_cm":88076,"minecraft:boat_one_cm":197505,"minecraft:jump":5301,"minecraft:interact_with_blast_furnace":27,"minecraft:walk_on_water_one_cm":74008,"minecraft:total_world_time":446582,"minecraft:interact_with_furnace":115,"minecraft:interact_with_stonecutter":4,"minecraft:sleep_in_bed":24,"minecraft:time_since_rest":5833,"minecraft:damage_taken":2511,"minecraft:damage_dealt":20227,"minecraft:swim_one_cm":197006,"minecraft:fly_one_cm":875691,"minecraft:open_chest":230,"minecraft:crouch_one_cm":47583,"minecraft:interact_with_smoker":14,"minecraft:fall_one_cm":86545},"minecraft:used":{"minecraft:stone_shovel":324,"minecraft:chest":18,"minecraft:spruce_planks":2,"minecraft:shield":28,"minecraft:iron_sword":381,"minecraft:cooked_salmon":2,"minecraft:cooked_chicken":3,"minecraft:rotten_flesh":2,"minecraft:iron_chestplate":1,"minecraft:torch":29,"minecraft:dirt":39,"minecraft:birch_pressure_plate":4,"minecraft:spruce_fence":45,"minecraft:birch_door":2,"minecraft:glass":112,"minecraft:lantern":2,"minecraft:birch_sapling":4,"minecraft:iron_helmet":1,"minecraft:sweet_berries":351,"minecraft:furnace":12,"minecraft:cooked_cod":3,"minecraft:iron_leggings":1,"minecraft:cooked_mutton":2,"minecraft:water_bucket":6,"minecraft:birch_planks":206,"minecraft:stone_pickaxe":965,"minecraft:birch_boat":9,"minecraft:wooden_pickaxe":57,"minecraft:fletching_table":1,"minecraft:stonecutter":1,"minecraft:spruce_fence_gate":1,"minecraft:white_wool":1,"minecraft:crafting_table":20,"minecraft:blast_furnace":1,"minecraft:smoker":1,"minecraft:white_bed":15,"minecraft:spruce_log":2,"minecraft:birch_slab":29,"minecraft:bread":1,"minecraft:iron_pickaxe":265,"minecraft:spruce_pressure_plate":2,"minecraft:stone_axe":515,"minecraft:cobblestone":260,"minecraft:smithing_table":1,"minecraft:cooked_porkchop":8,"minecraft:bucket":8,"minecraft:birch_log":277,"minecraft:birch_stairs":50},"minecraft:broken":{"minecraft:wooden_pickaxe":1,"minecraft:stone_pickaxe":7,"minecraft:stone_axe":4,"minecraft:iron_sword":1,"minecraft:iron_pickaxe":1,"minecraft:stone_shovel":2}},"DataVersion":3465}