{"stats":{"minecraft:killed":{"minecraft:pig":2,"minecraft:spider":1,"minecraft:cod":13,"minecraft:sheep":1,"minecraft:zombie":1},"minecraft:dropped":{"minecraft:iron_sword":1,"minecraft:wheat_seeds":2,"minecraft:oak_sapling":1,"minecraft:jungle_sapling":1},"minecraft:crafted":{"minecraft:cooked_cod":13,"minecraft:cooked_porkchop":4,"minecraft:crafting_table":1,"minecraft:wooden_pickaxe":1,"minecraft:birch_boat":1,"minecraft:iron_sword":1,"minecraft:furnace":1,"minecraft:birch_planks":12,"minecraft:stone_axe":1,"minecraft:cooked_mutton":3,"minecraft:air":0,"minecraft:iron_ingot":4,"minecraft:stone_pickaxe":1},"minecraft:picked_up":{"minecraft:birch_log":65,"minecraft:cocoa_beans":15,"minecraft:crafting_table":3,"minecraft:jungle_log":12,"minecraft:dirt":15,"minecraft:string":2,"minecraft:apple":1,"minecraft:wheat_seeds":2,"minecraft:jungle_sapling":1,"minecraft:mossy_stone_bricks":1,"minecraft:light_gray_wool":1,"minecraft:bamboo":13,"minecraft:sugar_cane":3,"minecraft:birch_sapling":4,"minecraft:iron_sword":1,"minecraft:furnace":2,"minecraft:stick":22,"minecraft:raw_iron":4,"minecraft:birch_boat":1,"minecraft:porkchop":4,"minecraft:spider_eye":1,"minecraft:rotten_flesh":2,"minecraft:bone_meal":1,"minecraft:oak_sapling":2,"minecraft:mutton":3,"minecraft:coal":19,"minecraft:cod":13,"minecraft:white_wool":1,"minecraft:cobblestone":19},"minecraft:mined":{"minecraft:jungle_leaves":38,"minecraft:crafting_table":3,"minecraft:grass_block":4,"minecraft:jungle_log":12,"minecraft:sugar_cane":1,"minecraft:furnace":2,"minecraft:birch_log":65,"minecraft:iron_ore":4,"minecraft:birch_leaves":2,"minecraft:grass":2,"minecraft:coal_ore":19,"minecraft:cocoa":5,"minecraft:dirt":11,"minecraft:bamboo":1,"minecraft:stone":19,"minecraft:mossy_stone_bricks":1,"minecraft:oak_leaves":6},"minecraft:custom":{"minecraft:interact_with_furnace":16,"minecraft:mob_kills":18,"minecraft:interact_with_crafting_table":8,"minecraft:leave_game":2,"minecraft:time_since_death":33062,"minecraft:climb_one_cm":6518,"minecraft:time_since_rest":33062,"minecraft:sprint_one_cm":72598,"minecraft:damage_taken":228,"minecraft:walk_one_cm":70895,"minecraft:drop":5,"minecraft:damage_dealt":1084,"minecraft:swim_one_cm":36925,"minecraft:fly_one_cm":31319,"minecraft:open_chest":7,"minecraft:crouch_one_cm":152,"minecraft:play_time":33062,"minecraft:sneak_time":156,"minecraft:walk_under_water_one_cm":9980,"minecraft:boat_one_cm":66465,"minecraft:jump":323,"minecraft:walk_on_water_one_cm":9239,"minecraft:total_world_time":33062,"minecraft:fall_one_cm":4990},"minecraft:used":{"minecraft:stone_pickaxe":6,"minecraft:wooden_pickaxe":42,"minecraft:birch_boat":1,"minecraft:iron_sword":6,"minecraft:rotten_flesh":2,"minecraft:white_wool":1,"minecraft:dirt":7,"minecraft:crafting_table":3,"minecraft:birch_sapling":4,"minecraft:stone_axe":38,"minecraft:furnace":2,"minecraft:cooked_porkchop":1}},"DataVersion":3465}