{"stats":{"minecraft:killed":{"minecraft:spider":20,"minecraft:skeleton":8,"minecraft:snow_golem":1,"minecraft:pig":8,"minecraft:salmon":23,"minecraft:iron_golem":16,"minecraft:wandering_trader":1,"minecraft:creeper":7,"minecraft:polar_bear":1,"minecraft:sheep":15,"minecraft:zombie":52,"minecraft:stray":12,"minecraft:enderman":3,"minecraft:cow":6},"minecraft:used":{"minecraft:enchanting_table":2,"minecraft:stone_sword":152,"minecraft:iron_shovel":874,"minecraft:carved_pumpkin":2,"minecraft:poppy":2,"minecraft:chest":13,"minecraft:shield":2,"minecraft:iron_sword":561,"minecraft:cooked_chicken":1,"minecraft:stone_hoe":131,"minecraft:netherrack":1,"minecraft:iron_chestplate":1,"minecraft:torch":192,"minecraft:dirt":292,"minecraft:anvil":3,"minecraft:cocoa_beans":6,"minecraft:hopper":1,"minecraft:carrot":86,"minecraft:granite":3,"minecraft:snowball":142,"minecraft:jungle_sapling":5,"minecraft:iron_hoe":205,"minecraft:lava_bucket":3,"minecraft:iron_axe":248,"minecraft:jungle_log":2,"minecraft:birch_trapdoor":2,"minecraft:bow":1,"minecraft:furnace":5,"minecraft:cooked_beef":13,"minecraft:potato":235,"minecraft:cobbled_deepslate":23,"minecraft:pumpkin":9,"minecraft:cooked_mutton":6,"minecraft:wheat_seeds":108,"minecraft:water_bucket":43,"minecraft:diorite":11,"minecraft:snow_block":8,"minecraft:stone_pickaxe":126,"minecraft:baked_potato":23,"minecraft:ender_pearl":1,"minecraft:wooden_pickaxe":16,"minecraft:birch_boat":3,"minecraft:sugar_cane":69,"minecraft:diamond_axe":164,"minecraft:fletching_table":8,"minecraft:blue_bed":8,"minecraft:cobblestone_slab":24,"minecraft:white_wool":3,"minecraft:golden_hoe":34,"minecraft:crafting_table":7,"minecraft:red_bed":9,"minecraft:blast_furnace":2,"minecraft:white_bed":10,"minecraft:smoker":4,"minecraft:shears":3,"minecraft:spruce_log":1,"minecraft:birch_fence":9,"minecraft:redstone_torch":2,"minecraft:diamond_pickaxe":93,"minecraft:birch_fence_gate":1,"minecraft:bread":20,"minecraft:iron_pickaxe":488,"minecraft:leather_helmet":1,"minecraft:spruce_sapling":57,"minecraft:gravel":6,"minecraft:stone_axe":135,"minecraft:cobblestone":104,"minecraft:grindstone":1,"minecraft:cooked_porkchop":19,"minecraft:smithing_table":1,"minecraft:bucket":48,"minecraft:bone_meal":68},"minecraft:dropped":{"minecraft:water_bucket":1,"minecraft:iron_ingot":10,"minecraft:iron_sword":2,"minecraft:wheat_seeds":3,"minecraft:diamond_axe":1,"minecraft:cooked_beef":1,"minecraft:poisonous_potato":2,"minecraft:grass_block":1,"minecraft:lava_bucket":1,"minecraft:iron_block":1,"minecraft:iron_shovel":1,"minecraft:string":4,"minecraft:blue_bed":1,"minecraft:white_bed":2,"minecraft:pumpkin_seeds":8,"minecraft:poppy":2,"minecraft:oak_sapling":2,"minecraft:spider_eye":1,"minecraft:birch_boat":2,"minecraft:arrow":2},"minecraft:mined":{"minecraft:spruce_planks":1,"minecraft:white_bed":8,"minecraft:farmland":2,"minecraft:deepslate_diamond_ore":4,"minecraft:jungle_leaves":4,"minecraft:carved_pumpkin":2,"minecraft:obsidian":2,"minecraft:glow_lichen":1,"minecraft:granite":3,"minecraft:grass_block":526,"minecraft:jungle_log":26,"minecraft:spruce_leaves":57,"minecraft:large_fern":8,"minecraft:tall_seagrass":12,"minecraft:magma_block":2,"minecraft:spruce_sapling":16,"minecraft:furnace":5,"minecraft:carrots":63,"minecraft:jungle_sapling":1,"minecraft:fire":1,"minecraft:iron_ore":8,"minecraft:cobbled_deepslate":6,"minecraft:snow":164,"minecraft:deepslate_lapis_ore":16,"minecraft:stripped_spruce_log":3,"minecraft:pumpkin":19,"minecraft:fletching_table":8,"minecraft:anvil":2,"minecraft:potatoes":135,"minecraft:cobblestone_slab":16,"minecraft:dirt_path":9,"minecraft:deepslate_iron_ore":34,"minecraft:vine":2,"minecraft:bamboo":5,"minecraft:stone":165,"minecraft:white_wool":4,"minecraft:redstone_wall_torch":1,"minecraft:deepslate_redstone_ore":15,"minecraft:glass_pane":1,"minecraft:red_bed":8,"minecraft:kelp_plant":6,"minecraft:smoker":1,"minecraft:crafting_table":6,"minecraft:torch":25,"minecraft:poppy":1,"minecraft:chest":5,"minecraft:copper_ore":2,"minecraft:cobblestone":12,"minecraft:lapis_ore":4,"minecraft:deepslate_gold_ore":25,"minecraft:grindstone":1,"minecraft:sugar_cane":12,"minecraft:diorite":11,"minecraft:blue_bed":8,"minecraft:wall_torch":8,"minecraft:seagrass":9,"minecraft:birch_log":81,"minecraft:blue_ice":3,"minecraft:wheat":75,"minecraft:ice":108,"minecraft:spruce_log":355,"minecraft:birch_leaves":1,"minecraft:grass":35,"minecraft:coal_ore":135,"minecraft:oak_log":6,"minecraft:cocoa":3,"minecraft:gravel":40,"minecraft:sand":9,"minecraft:dirt":258,"minecraft:netherrack":1,"minecraft:oak_leaves":10,"minecraft:deepslate":149,"minecraft:birch_fence":3,"minecraft:fern":1},"minecraft:crafted":{"minecraft:oak_planks":24,"minecraft:smooth_stone":3,"minecraft:cobblestone_slab":6,"minecraft:leather_boots":1,"minecraft:birch_boat":2,"minecraft:furnace":3,"minecraft:blast_furnace":1,"minecraft:stone":3,"minecraft:bone_meal":81,"minecraft:cooked_mutton":6,"minecraft:flint_and_steel":1,"minecraft:hopper":1,"minecraft:iron_axe":1,"minecraft:birch_fence_gate":1,"minecraft:iron_hoe":1,"minecraft:stone_pickaxe":9,"minecraft:chest":9,"minecraft:diamond_boots":1,"minecraft:stone_hoe":1,"minecraft:smoker":1,"minecraft:cooked_beef":12,"minecraft:red_dye":1,"minecraft:emerald":132,"minecraft:cooked_porkchop":19,"minecraft:diamond_axe":2,"minecraft:crafting_table":1,"minecraft:spruce_planks":1392,"minecraft:enchanting_table":1,"minecraft:wooden_pickaxe":1,"minecraft:baked_potato":47,"minecraft:iron_sword":4,"minecraft:red_bed":1,"minecraft:smithing_table":1,"minecraft:leather_helmet":1,"minecraft:birch_planks":328,"minecraft:bucket":1,"minecraft:stone_axe":1,"minecraft:air":0,"minecraft:jungle_planks":4,"minecraft:charcoal":2,"minecraft:paper":3,"minecraft:book":1,"minecraft:iron_chestplate":1,"minecraft:diamond_pickaxe":1,"minecraft:shield":1,"minecraft:birch_fence":27,"minecraft:stick":3372,"minecraft:iron_ingot":14,"minecraft:iron_pickaxe":2,"minecraft:birch_trapdoor":2,"minecraft:iron_block":2,"minecraft:stone_sword":1,"minecraft:snow_block":8,"minecraft:iron_shovel":5,"minecraft:gold_ingot":47,"minecraft:anvil":1,"minecraft:white_bed":4,"minecraft:redstone_torch":1,"minecraft:torch":172,"minecraft:shears":1},"minecraft:custom":{"minecraft:mob_kills":174,"minecraft:interact_with_anvil":1,"minecraft:animals_bred":1,"minecraft:interact_with_crafting_table":55,"minecraft:bell_ring":1,"minecraft:leave_game":8,"minecraft:time_since_death":390924,"minecraft:climb_one_cm":2658,"minecraft:sprint_one_cm":828049,"minecraft:walk_one_cm":924275,"minecraft:damage_blocked_by_shield":275,"minecraft:drop":28,"minecraft:talked_to_villager":90,"minecraft:play_time":390924,"minecraft:sneak_time":9321,"minecraft:walk_under_water_one_cm":48798,"minecraft:boat_one_cm":77310,"minecraft:jump":7705,"minecraft:interact_with_blast_furnace":24,"minecraft:walk_on_water_one_cm":53091,"minecraft:total_world_time":390924,"minecraft:interact_with_furnace":47,"minecraft:traded_with_villager":147,"minecraft:interact_with_grindstone":2,"minecraft:sleep_in_bed":34,"minecraft:time_since_rest":1051,"minecraft:damage_taken":3530,"minecraft:damage_dealt":38747,"minecraft:swim_one_cm":152013,"minecraft:fly_one_cm":1862698,"minecraft:open_chest":304,"minecraft:crouch_one_cm":26739,"minecraft:interact_with_smoker":25,"minecraft:fall_one_cm":179626},"minecraft:broken":{"minecraft:leather_helmet":1,"minecraft:golden_hoe":1,"minecraft:iron_shovel":3,"minecraft:stone_sword":1,"minecraft:leather_leggings":1,"minecraft:stone_hoe":1,"minecraft:iron_axe":1,"minecraft:leather_boots":1,"minecraft:stone_axe":1,"minecraft:iron_sword":1,"minecraft:iron_pickaxe":1},"minecraft:picked_up":{"minecraft:cocoa_beans":7,"minecraft:crafting_table":6,"minecraft:wheat":48,"minecraft:anvil":2,"minecraft:lead":11,"minecraft:string":25,"minecraft:red_bed":8,"minecraft:raw_copper":7,"minecraft:iron_shovel":1,"minecraft:birch_fence":3,"minecraft:diamond_leggings":1,"minecraft:cobbled_deepslate":156,"minecraft:bucket":1,"minecraft:spruce_planks":1,"minecraft:beef":11,"minecraft:cobblestone_slab":18,"minecraft:redstone_torch":1,"minecraft:jungle_sapling":7,"minecraft:poppy":14,"minecraft:sugar_cane":40,"minecraft:chest":5,"minecraft:birch_sapling":11,"minecraft:furnace":5,"minecraft:tipped_arrow":3,"minecraft:stick":54,"minecraft:raw_iron":42,"minecraft:torch":48,"minecraft:porkchop":19,"minecraft:diorite":11,"minecraft:carrot":184,"minecraft:redstone":65,"minecraft:rotten_flesh":45,"minecraft:arrow":19,"minecraft:diamond_boots":2,"minecraft:iron_block":2,"minecraft:carved_pumpkin":2,"minecraft:obsidian":2,"minecraft:mutton":19,"minecraft:cod":2,"minecraft:snowball":254,"minecraft:white_wool":18,"minecraft:cobblestone":177,"minecraft:birch_log":81,"minecraft:enchanting_table":1,"minecraft:magma_block":2,"minecraft:cooked_beef":1,"minecraft:salmon":23,"minecraft:jungle_log":26,"minecraft:leather":7,"minecraft:smoker":2,"minecraft:potato":351,"minecraft:flint":5,"minecraft:oak_log":6,"minecraft:gunpowder":9,"minecraft:lapis_lazuli":141,"minecraft:blue_bed":9,"minecraft:dirt":856,"minecraft:podzol":1,"minecraft:bone":28,"minecraft:kelp":38,"minecraft:bow":2,"minecraft:wheat_seeds":203,"minecraft:raw_gold":25,"minecraft:grindstone":1,"minecraft:iron_ingot":48,"minecraft:fletching_table":8,"minecraft:bamboo":29,"minecraft:iron_sword":2,"minecraft:birch_boat":3,"minecraft:pumpkin":18,"minecraft:poisonous_potato":5,"minecraft:lava_bucket":1,"minecraft:gravel":33,"minecraft:sand":9,"minecraft:stripped_spruce_log":3,"minecraft:spruce_sapling":76,"minecraft:grass_block":1,"minecraft:white_bed":10,"minecraft:spruce_log":354,"minecraft:spider_eye":6,"minecraft:pumpkin_seeds":8,"minecraft:diamond":4,"minecraft:granite":3,"minecraft:bone_meal":4,"minecraft:oak_sapling":2,"minecraft:netherrack":1,"minecraft:coal":192,"minecraft:ender_pearl":1}},"DataVersion":3465}