{"stats":{"minecraft:dropped":{"minecraft:wheat_seeds":2},"minecraft:mined":{"minecraft:magma_block":2,"minecraft:furnace":1,"minecraft:birch_log":81,"minecraft:birch_leaves":1,"minecraft:crafting_table":1,"minecraft:grass":3,"minecraft:coal_ore":79,"minecraft:stone":27,"minecraft:netherrack":1,"minecraft:white_wool":1},"minecraft:picked_up":{"minecraft:birch_log":81,"minecraft:magma_block":2,"minecraft:crafting_table":1,"minecraft:leather":4,"minecraft:porkchop":4,"minecraft:wheat_seeds":2,"minecraft:beef":4,"minecraft:netherrack":1,"minecraft:mutton":6,"minecraft:birch_sapling":11,"minecraft:coal":79,"minecraft:white_wool":6,"minecraft:cobblestone":27,"minecraft:furnace":1},"minecraft:crafted":{"minecraft:cooked_porkchop":4,"minecraft:crafting_table":1,"minecraft:stick":8,"minecraft:wooden_pickaxe":1,"minecraft:stone_pickaxe":1,"minecraft:stone_sword":1,"minecraft:furnace":1,"minecraft:birch_planks":20,"minecraft:stone_axe":1,"minecraft:cooked_mutton":1,"minecraft:air":0},"minecraft:killed":{"minecraft:sheep":6,"minecraft:pig":2,"minecraft:cow":3},"minecraft:used":{"minecraft:cooked_mutton":1,"minecraft:stone_sword":15,"minecraft:stone_pickaxe":94,"minecraft:wooden_pickaxe":16,"minecraft:netherrack":1,"minecraft:stone_axe":77,"minecraft:crafting_table":1,"minecraft:furnace":2},"minecraft:custom":{"minecraft:time_since_rest":15341,"minecraft:interact_with_furnace":7,"minecraft:sprint_one_cm":35266,"minecraft:damage_taken":32,"minecraft:walk_one_cm":33423,"minecraft:mob_kills":11,"minecraft:drop":2,"minecraft:damage_dealt":1051,"minecraft:interact_with_crafting_table":2,"minecraft:fly_one_cm":48058,"minecraft:crouch_one_cm":194,"minecraft:play_time":15341,"minecraft:sneak_time":228,"minecraft:walk_under_water_one_cm":519,"minecraft:jump":264,"minecraft:leave_game":2,"minecraft:walk_on_water_one_cm":1569,"minecraft:time_since_death":15341,"minecraft:total_world_time":15341,"minecraft:fall_one_cm":4511}},"DataVersion":3465}