{"stats":{"minecraft:custom":{"minecraft:time_since_rest":4238,"minecraft:sprint_one_cm":26485,"minecraft:damage_taken":610,"minecraft:walk_one_cm":35158,"minecraft:mob_kills":1,"minecraft:drop":1,"minecraft:damage_dealt":151,"minecraft:swim_one_cm":42014,"minecraft:interact_with_crafting_table":4,"minecraft:fly_one_cm":56947,"minecraft:crouch_one_cm":630,"minecraft:play_time":21852,"minecraft:deaths":2,"minecraft:sneak_time":154,"minecraft:walk_under_water_one_cm":2084,"minecraft:jump":513,"minecraft:walk_on_water_one_cm":3168,"minecraft:leave_game":2,"minecraft:time_since_death":4212,"minecraft:total_world_time":21852,"minecraft:fall_one_cm":23094},"minecraft:mined":{"minecraft:kelp_plant":1,"minecraft:spruce_log":15,"minecraft:powder_snow":6,"minecraft:crafting_table":1,"minecraft:grass":3,"minecraft:grass_block":2,"minecraft:dirt":2,"minecraft:spruce_leaves":18,"minecraft:stone":21},"minecraft:picked_up":{"minecraft:stick":3,"minecraft:crafting_table":1,"minecraft:spruce_sapling":8,"minecraft:spruce_log":15,"minecraft:dirt":4,"minecraft:wheat_seeds":1,"minecraft:cobblestone":21},"minecraft:killed_by":{"minecraft:guardian":1},"minecraft:used":{"minecraft:stone_sword":3,"minecraft:stone_pickaxe":11,"minecraft:wooden_pickaxe":10,"minecraft:stone_axe":2,"minecraft:dirt":4,"minecraft:crafting_table":1},"minecraft:killed":{"minecraft:goat":1},"minecraft:crafted":{"minecraft:crafting_table":1,"minecraft:spruce_planks":60,"minecraft:stick":8,"minecraft:wooden_pickaxe":1,"minecraft:stone_pickaxe":1,"minecraft:stone_sword":1,"minecraft:furnace":1,"minecraft:stone_axe":1},"minecraft:dropped":{"minecraft:wheat_seeds":1}},"DataVersion":3465}