{"stats":{"minecraft:killed":{"minecraft:pig":2,"minecraft:sheep":6,"minecraft:skeleton":1,"minecraft:zombie":4,"minecraft:cow":3},"minecraft:dropped":{"minecraft:wheat_seeds":2,"minecraft:oak_sapling":2},"minecraft:crafted":{"minecraft:red_dye":1,"minecraft:oak_planks":4,"minecraft:cooked_porkchop":4,"minecraft:crafting_table":1,"minecraft:birch_boat":1,"minecraft:wooden_pickaxe":1,"minecraft:red_bed":1,"minecraft:furnace":1,"minecraft:birch_planks":24,"minecraft:stone_axe":1,"minecraft:cooked_mutton":6,"minecraft:air":0,"minecraft:stick":16,"minecraft:stone_pickaxe":1,"minecraft:stone_sword":1,"minecraft:white_bed":1},"minecraft:picked_up":{"minecraft:birch_log":81,"minecraft:magma_block":2,"minecraft:cocoa_beans":7,"minecraft:crafting_table":3,"minecraft:jungle_log":26,"minecraft:leather":4,"minecraft:oak_log":1,"minecraft:bone":2,"minecraft:kelp":38,"minecraft:wheat_seeds":2,"minecraft:beef":4,"minecraft:jungle_sapling":6,"minecraft:poppy":1,"minecraft:bamboo":29,"minecraft:sugar_cane":11,"minecraft:birch_sapling":11,"minecraft:furnace":2,"minecraft:raw_iron":7,"minecraft:birch_boat":1,"minecraft:pumpkin":6,"minecraft:porkchop":4,"minecraft:rotten_flesh":4,"minecraft:arrow":2,"minecraft:oak_sapling":2,"minecraft:netherrack":1,"minecraft:mutton":6,"minecraft:coal":92,"minecraft:white_wool":6,"minecraft:cobblestone":30},"minecraft:mined":{"minecraft:kelp_plant":6,"minecraft:jungle_leaves":4,"minecraft:crafting_table":3,"minecraft:poppy":1,"minecraft:jungle_log":26,"minecraft:sugar_cane":4,"minecraft:seagrass":5,"minecraft:tall_seagrass":1,"minecraft:magma_block":2,"minecraft:furnace":2,"minecraft:birch_log":81,"minecraft:iron_ore":7,"minecraft:birch_leaves":1,"minecraft:pumpkin":7,"minecraft:grass":5,"minecraft:coal_ore":92,"minecraft:oak_log":1,"minecraft:cocoa":3,"minecraft:vine":2,"minecraft:bamboo":5,"minecraft:stone":30,"minecraft:netherrack":1,"minecraft:white_wool":1,"minecraft:oak_leaves":8,"minecraft:fern":1},"minecraft:custom":{"minecraft:interact_with_furnace":8,"minecraft:mob_kills":16,"minecraft:interact_with_crafting_table":4,"minecraft:leave_game":4,"minecraft:time_since_death":30158,"minecraft:climb_one_cm":2375,"minecraft:time_since_rest":30158,"minecraft:sprint_one_cm":53041,"minecraft:damage_taken":212,"minecraft:walk_one_cm":60452,"minecraft:drop":3,"minecraft:damage_dealt":1999,"minecraft:swim_one_cm":21560,"minecraft:fly_one_cm":81399,"minecraft:crouch_one_cm":274,"minecraft:play_time":30158,"minecraft:sneak_time":256,"minecraft:walk_under_water_one_cm":3006,"minecraft:boat_one_cm":56790,"minecraft:jump":561,"minecraft:walk_on_water_one_cm":10960,"minecraft:total_world_time":30158,"minecraft:fall_one_cm":9996},"minecraft:used":{"minecraft:cooked_mutton":3,"minecraft:stone_sword":39,"minecraft:stone_pickaxe":124,"minecraft:birch_boat":1,"minecraft:wooden_pickaxe":16,"minecraft:netherrack":1,"minecraft:crafting_table":3,"minecraft:stone_axe":127,"minecraft:furnace":2,"minecraft:cooked_porkchop":1}},"DataVersion":3465}