{"stats":{"minecraft:killed":{"minecraft:spider":32,"minecraft:skeleton":17,"minecraft:magma_cube":43,"minecraft:pig":8,"minecraft:salmon":23,"minecraft:iron_golem":22,"minecraft:creeper":11,"minecraft:sheep":15,"minecraft:trader_llama":3,"minecraft:zombie":72,"minecraft:stray":13,"minecraft:cow":18,"minecraft:snow_golem":2,"minecraft:wandering_trader":2,"minecraft:polar_bear":1,"minecraft:enderman":3},"minecraft:dropped":{"minecraft:iron_sword":3,"minecraft:diamond_axe":2,"minecraft:lapis_lazuli":4,"minecraft:cooked_beef":1,"minecraft:baked_potato":9,"minecraft:crafting_table":1,"minecraft:leather":1,"minecraft:cod":2,"minecraft:flint":3,"minecraft:dirt":1,"minecraft:snowball":93,"minecraft:gold_nugget":3,"minecraft:sand":1,"minecraft:iron_pickaxe":3,"minecraft:blue_bed":2,"minecraft:bone":2,"minecraft:gravel":10,"minecraft:stone_axe":13,"minecraft:compass":2,"minecraft:cobbled_deepslate":5,"minecraft:rotten_flesh":17,"minecraft:white_bed":2,"minecraft:carrot":231,"minecraft:chainmail_chestplate":2,"minecraft:poppy":5,"minecraft:leather_chestplate":1,"minecraft:beetroot_seeds":7,"minecraft:arrow":2,"minecraft:beef":2,"minecraft:iron_ingot":10,"minecraft:water_bucket":1,"minecraft:wheat_seeds":185,"minecraft:poisonous_potato":5,"minecraft:cobblestone":1,"minecraft:lead":1,"minecraft:granite":3,"minecraft:spruce_door":4,"minecraft:spruce_stairs":1,"minecraft:grass_block":1,"minecraft:turtle_egg":5,"minecraft:lava_bucket":1,"minecraft:iron_block":1,"minecraft:torch":3,"minecraft:chainmail_leggings":1,"minecraft:iron_shovel":1,"minecraft:paper":21,"minecraft:string":8,"minecraft:spruce_sapling":1,"minecraft:bowl":1,"minecraft:stone_shovel":2,"minecraft:spruce_fence":1,"minecraft:pumpkin_seeds":8,"minecraft:suspicious_stew":1,"minecraft:potato":351,"minecraft:spruce_planks":3,"minecraft:golden_leggings":1,"minecraft:oak_sapling":2,"minecraft:spider_eye":2,"minecraft:diamond_boots":1,"minecraft:spruce_log":3,"minecraft:birch_boat":2,"minecraft:stone_pickaxe":12,"minecraft:magma_block":1340},"minecraft:crafted":{"minecraft:smooth_stone":3,"minecraft:oak_planks":24,"minecraft:cobblestone_slab":78,"minecraft:birch_boat":2,"minecraft:stone":3,"minecraft:diamond_shovel":2,"minecraft:bookshelf":6,"minecraft:cooked_mutton":6,"minecraft:hopper":1,"minecraft:glass":11,"minecraft:birch_fence_gate":1,"minecraft:chest":9,"minecraft:stone_hoe":1,"minecraft:smoker":1,"minecraft:emerald":382,"minecraft:cooked_porkchop":19,"minecraft:diamond_axe":2,"minecraft:crafting_table":2,"minecraft:spruce_planks":4284,"minecraft:wooden_pickaxe":1,"minecraft:baked_potato":47,"minecraft:smithing_table":1,"minecraft:birch_planks":328,"minecraft:iron_chestplate":1,"minecraft:book":18,"minecraft:paper":66,"minecraft:diamond_pickaxe":2,"minecraft:charcoal":2,"minecraft:shield":2,"minecraft:birch_fence":27,"minecraft:stick":9124,"minecraft:iron_ingot":14,"minecraft:iron_pickaxe":3,"minecraft:iron_block":2,"minecraft:stone_sword":1,"minecraft:snow_block":11,"minecraft:gold_ingot":47,"minecraft:redstone_torch":1,"minecraft:shears":2,"minecraft:golden_carrot":57,"minecraft:leather_boots":1,"minecraft:diamond_hoe":3,"minecraft:furnace":3,"minecraft:blast_furnace":1,"minecraft:jungle_trapdoor":2,"minecraft:bone_meal":81,"minecraft:spruce_fence":30,"minecraft:flint_and_steel":1,"minecraft:iron_axe":4,"minecraft:iron_hoe":1,"minecraft:spruce_slab":84,"minecraft:stone_pickaxe":9,"minecraft:diamond_boots":1,"minecraft:cooked_beef":12,"minecraft:red_dye":1,"minecraft:diamond_sword":1,"minecraft:enchanting_table":1,"minecraft:iron_sword":5,"minecraft:red_bed":1,"minecraft:leather_helmet":1,"minecraft:bucket":1,"minecraft:stone_axe":11,"minecraft:enchanted_book":5,"minecraft:air":0,"minecraft:jungle_planks":96,"minecraft:blue_dye":9,"minecraft:gold_nugget":459,"minecraft:birch_trapdoor":2,"minecraft:iron_shovel":5,"minecraft:anvil":1,"minecraft:white_bed":4,"minecraft:torch":172,"minecraft:diamond_chestplate":1},"minecraft:picked_up":{"minecraft:seagrass":19,"minecraft:wheat":100,"minecraft:suspicious_stew":1,"minecraft:anvil":2,"minecraft:lead":21,"minecraft:turtle_egg":5,"minecraft:string":35,"minecraft:raw_copper":7,"minecraft:diamond_leggings":1,"minecraft:gold_nugget":5,"minecraft:cobbled_deepslate":156,"minecraft:bucket":1,"minecraft:spruce_planks":4,"minecraft:redstone_torch":1,"minecraft:cobblestone_slab":24,"minecraft:iron_pickaxe":2,"minecraft:furnace":5,"minecraft:tipped_arrow":4,"minecraft:stick":102,"minecraft:torch":63,"minecraft:spruce_stairs":1,"minecraft:porkchop":19,"minecraft:diorite":11,"minecraft:rotten_flesh":66,"minecraft:iron_block":2,"minecraft:carved_pumpkin":4,"minecraft:obsidian":2,"minecraft:cod":2,"minecraft:snowball":888,"minecraft:cobblestone":217,"minecraft:birch_log":81,"minecraft:enchanting_table":1,"minecraft:magma_block":1342,"minecraft:cooked_beef":10,"minecraft:magma_cream":5,"minecraft:jungle_log":31,"minecraft:smoker":2,"minecraft:potato":1746,"minecraft:flint":6,"minecraft:lapis_lazuli":141,"minecraft:dirt":946,"minecraft:lantern":2,"minecraft:bone":39,"minecraft:bow":2,"minecraft:wheat_seeds":369,"minecraft:raw_gold":25,"minecraft:grindstone":1,"minecraft:diamond_helmet":1,"minecraft:fletching_table":8,"minecraft:bamboo":51,"minecraft:poisonous_potato":9,"minecraft:sand":47,"minecraft:stripped_spruce_log":3,"minecraft:grass_block":1,"minecraft:diamond":4,"minecraft:granite":6,"minecraft:bone_meal":4,"minecraft:emerald":6,"minecraft:oak_sapling":2,"minecraft:netherrack":563,"minecraft:cocoa_beans":7,"minecraft:crafting_table":7,"minecraft:azure_bluet":1,"minecraft:jungle_trapdoor":1,"minecraft:red_bed":8,"minecraft:compass":2,"minecraft:iron_shovel":1,"minecraft:birch_fence":3,"minecraft:blackstone":21,"minecraft:beef":26,"minecraft:oak_boat":1,"minecraft:jungle_sapling":7,"minecraft:poppy":20,"minecraft:spruce_slab":15,"minecraft:lectern":4,"minecraft:sugar_cane":232,"minecraft:chest":5,"minecraft:birch_sapling":11,"minecraft:raw_iron":42,"minecraft:spruce_fence":27,"minecraft:carrot":1066,"minecraft:redstone":65,"minecraft:arrow":32,"minecraft:diamond_boots":2,"minecraft:mutton":19,"minecraft:white_wool":18,"minecraft:basalt":402,"minecraft:salmon":26,"minecraft:leather":25,"minecraft:oak_log":6,"minecraft:gunpowder":17,"minecraft:blue_bed":10,"minecraft:paper":21,"minecraft:white_banner":2,"minecraft:podzol":1,"minecraft:kelp":149,"minecraft:iron_ingot":72,"minecraft:stone_pickaxe":1,"minecraft:soul_sand":66,"minecraft:iron_sword":3,"minecraft:birch_boat":3,"minecraft:pumpkin":18,"minecraft:sweet_berries":33,"minecraft:quartz":6,"minecraft:gravel":44,"minecraft:lava_bucket":1,"minecraft:spruce_sapling":157,"minecraft:white_bed":10,"minecraft:spruce_log":1084,"minecraft:spruce_door":5,"minecraft:spider_eye":9,"minecraft:pumpkin_seeds":12,"minecraft:stone_axe":2,"minecraft:baked_potato":9,"minecraft:coal":192,"minecraft:ender_pearl":1},"minecraft:custom":{"minecraft:animals_bred":18,"minecraft:interact_with_crafting_table":72,"minecraft:bell_ring":2,"minecraft:leave_game":13,"minecraft:time_since_death":705673,"minecraft:sprint_one_cm":1515281,"minecraft:damage_blocked_by_shield":275,"minecraft:drop":188,"minecraft:talked_to_villager":208,"minecraft:play_time":705673,"minecraft:jump":13964,"minecraft:walk_on_water_one_cm":72195,"minecraft:enchant_item":9,"minecraft:interact_with_furnace":52,"minecraft:traded_with_villager":427,"minecraft:sleep_in_bed":48,"minecraft:damage_dealt":59106,"minecraft:crouch_one_cm":98217,"minecraft:interact_with_smoker":29,"minecraft:interact_with_smithing_table":3,"minecraft:mob_kills":296,"minecraft:interact_with_anvil":6,"minecraft:climb_one_cm":3271,"minecraft:walk_one_cm":1643567,"minecraft:sneak_time":34036,"minecraft:walk_under_water_one_cm":77257,"minecraft:boat_one_cm":85052,"minecraft:interact_with_blast_furnace":32,"minecraft:total_world_time":705673,"minecraft:interact_with_grindstone":14,"minecraft:time_since_rest":9644,"minecraft:damage_taken":7400,"minecraft:swim_one_cm":202838,"minecraft:fly_one_cm":3276437,"minecraft:open_chest":571,"minecraft:fall_one_cm":299952},"minecraft:mined":{"minecraft:white_bed":8,"minecraft:spruce_planks":3,"minecraft:farmland":2,"minecraft:jungle_leaves":4,"minecraft:carved_pumpkin":4,"minecraft:obsidian":2,"minecraft:granite":6,"minecraft:grass_block":573,"minecraft:jungle_log":26,"minecraft:tall_seagrass":19,"minecraft:magma_block":1372,"minecraft:fire":5,"minecraft:cobbled_deepslate":6,"minecraft:iron_ore":8,"minecraft:turtle_egg":6,"minecraft:pumpkin":19,"minecraft:fletching_table":8,"minecraft:deepslate_lapis_ore":16,"minecraft:anvil":2,"minecraft:azure_bluet":1,"minecraft:dirt_path":12,"minecraft:white_banner":2,"minecraft:spruce_slab":13,"minecraft:jungle_trapdoor":1,"minecraft:deepslate_redstone_ore":15,"minecraft:red_bed":8,"minecraft:blackstone":22,"minecraft:kelp_plant":20,"minecraft:smoker":1,"minecraft:torch":30,"minecraft:poppy":2,"minecraft:chest":6,"minecraft:nether_quartz_ore":6,"minecraft:cobblestone":62,"minecraft:grindstone":1,"minecraft:sugar_cane":122,"minecraft:wall_torch":13,"minecraft:seagrass":20,"minecraft:wheat":128,"minecraft:birch_log":81,"minecraft:blue_ice":14,"minecraft:grass":77,"minecraft:oak_log":6,"minecraft:sand":22,"minecraft:dirt":298,"minecraft:netherrack":623,"minecraft:oak_leaves":10,"minecraft:deepslate":149,"minecraft:nether_gold_ore":1,"minecraft:deepslate_diamond_ore":4,"minecraft:glow_lichen":1,"minecraft:spruce_fence":27,"minecraft:spruce_leaves":105,"minecraft:large_fern":8,"minecraft:spruce_sapling":29,"minecraft:furnace":5,"minecraft:carrots":237,"minecraft:jungle_sapling":1,"minecraft:snow":307,"minecraft:stripped_spruce_log":3,"minecraft:potatoes":443,"minecraft:cobblestone_slab":21,"minecraft:deepslate_iron_ore":34,"minecraft:vine":2,"minecraft:bamboo":8,"minecraft:stone":167,"minecraft:white_wool":4,"minecraft:redstone_wall_torch":1,"minecraft:podzol":2,"minecraft:glass_pane":1,"minecraft:soul_sand":66,"minecraft:snow_block":130,"minecraft:basalt":377,"minecraft:spruce_door":4,"minecraft:crafting_table":7,"minecraft:lectern":4,"minecraft:copper_ore":2,"minecraft:tall_grass":11,"minecraft:lapis_ore":4,"minecraft:deepslate_gold_ore":25,"minecraft:diorite":11,"minecraft:blue_bed":9,"minecraft:spruce_stairs":1,"minecraft:sweet_berry_bush":18,"minecraft:ice":113,"minecraft:spruce_log":1082,"minecraft:birch_leaves":1,"minecraft:coal_ore":135,"minecraft:cocoa":3,"minecraft:gravel":50,"minecraft:fern":2,"minecraft:birch_fence":3},"minecraft:used":{"minecraft:iron_shovel":1286,"minecraft:spruce_slab":83,"minecraft:poppy":3,"minecraft:chest":13,"minecraft:shield":2,"minecraft:iron_sword":653,"minecraft:iron_chestplate":1,"minecraft:cocoa_beans":6,"minecraft:carrot":269,"minecraft:snowball":203,"minecraft:azure_bluet":1,"minecraft:jungle_sapling":5,"minecraft:lava_bucket":11,"minecraft:lantern":2,"minecraft:birch_trapdoor":2,"minecraft:bow":7,"minecraft:furnace":5,"minecraft:potato":545,"minecraft:diorite":11,"minecraft:spruce_door":1,"minecraft:stone_pickaxe":126,"minecraft:blackstone":16,"minecraft:ender_pearl":1,"minecraft:wooden_pickaxe":16,"minecraft:blue_bed":8,"minecraft:diamond_axe":970,"minecraft:sugar_cane":69,"minecraft:white_wool":3,"minecraft:golden_hoe":34,"minecraft:blast_furnace":2,"minecraft:crossbow":18,"minecraft:shears":4,"minecraft:birch_fence":9,"minecraft:redstone_torch":2,"minecraft:birch_fence_gate":1,"minecraft:bread":20,"minecraft:lectern":4,"minecraft:gravel":12,"minecraft:diamond_sword":220,"minecraft:grindstone":1,"minecraft:smithing_table":1,"minecraft:oak_boat":1,"minecraft:bone_meal":68,"minecraft:enchanting_table":2,"minecraft:stone_sword":152,"minecraft:carved_pumpkin":4,"minecraft:stone_hoe":131,"minecraft:cooked_chicken":1,"minecraft:netherrack":223,"minecraft:torch":232,"minecraft:dirt":430,"minecraft:anvil":3,"minecraft:hopper":1,"minecraft:jungle_trapdoor":3,"minecraft:granite":3,"minecraft:spruce_fence":21,"minecraft:iron_hoe":206,"minecraft:bookshelf":6,"minecraft:iron_axe":248,"minecraft:jungle_log":2,"minecraft:bamboo":34,"minecraft:basalt":399,"minecraft:golden_carrot":33,"minecraft:cooked_beef":22,"minecraft:cobbled_deepslate":23,"minecraft:pumpkin":10,"minecraft:wheat_seeds":161,"minecraft:cooked_mutton":6,"minecraft:water_bucket":48,"minecraft:snow_block":11,"minecraft:baked_potato":47,"minecraft:birch_boat":3,"minecraft:fletching_table":8,"minecraft:cobblestone_slab":38,"minecraft:crafting_table":8,"minecraft:red_bed":10,"minecraft:white_bed":11,"minecraft:spruce_log":16,"minecraft:smoker":4,"minecraft:diamond_pickaxe":2569,"minecraft:diamond_shovel":14,"minecraft:suspicious_stew":1,"minecraft:iron_pickaxe":492,"minecraft:leather_helmet":1,"minecraft:spruce_sapling":123,"minecraft:stone_axe":135,"minecraft:cobblestone":118,"minecraft:white_banner":1,"minecraft:cooked_porkchop":19,"minecraft:bucket":61},"minecraft:broken":{"minecraft:iron_shovel":4,"minecraft:leather_leggings":1,"minecraft:diamond_pickaxe":1,"minecraft:stone_axe":1,"minecraft:iron_sword":2,"minecraft:leather_helmet":1,"minecraft:golden_hoe":1,"minecraft:stone_sword":1,"minecraft:stone_hoe":1,"minecraft:iron_axe":1,"minecraft:leather_boots":1,"minecraft:iron_pickaxe":1}},"DataVersion":3465}