{"stats":{"minecraft:killed":{"minecraft:spider":38,"minecraft:skeleton":19,"minecraft:magma_cube":84,"minecraft:piglin":1,"minecraft:pig":8,"minecraft:salmon":23,"minecraft:iron_golem":25,"minecraft:creeper":13,"minecraft:sheep":15,"minecraft:trader_llama":3,"minecraft:zombie":81,"minecraft:ghast":1,"minecraft:stray":18,"minecraft:cow":18,"minecraft:snow_golem":2,"minecraft:wandering_trader":2,"minecraft:polar_bear":1,"minecraft:enderman":5},"minecraft:used":{"minecraft:iron_shovel":1286,"minecraft:spruce_slab":83,"minecraft:poppy":3,"minecraft:chest":13,"minecraft:shield":2,"minecraft:iron_sword":653,"minecraft:iron_chestplate":1,"minecraft:cocoa_beans":6,"minecraft:carrot":274,"minecraft:snowball":219,"minecraft:azure_bluet":1,"minecraft:jungle_sapling":5,"minecraft:lava_bucket":14,"minecraft:lantern":8,"minecraft:crimson_roots":1,"minecraft:birch_trapdoor":2,"minecraft:bow":7,"minecraft:furnace":5,"minecraft:potato":598,"minecraft:diorite":11,"minecraft:spruce_door":1,"minecraft:stone_pickaxe":126,"minecraft:blackstone":17,"minecraft:ender_pearl":1,"minecraft:wooden_pickaxe":16,"minecraft:blue_bed":8,"minecraft:diamond_axe":1292,"minecraft:sugar_cane":69,"minecraft:white_wool":3,"minecraft:golden_hoe":34,"minecraft:blast_furnace":2,"minecraft:crossbow":19,"minecraft:shears":4,"minecraft:birch_fence":9,"minecraft:redstone_torch":2,"minecraft:birch_fence_gate":1,"minecraft:bread":20,"minecraft:lectern":4,"minecraft:gravel":12,"minecraft:diamond_sword":380,"minecraft:grindstone":1,"minecraft:smithing_table":1,"minecraft:oak_boat":1,"minecraft:bone_meal":68,"minecraft:enchanting_table":2,"minecraft:stone_sword":152,"minecraft:carved_pumpkin":4,"minecraft:stone_hoe":131,"minecraft:cooked_chicken":1,"minecraft:netherrack":629,"minecraft:torch":244,"minecraft:dirt":432,"minecraft:anvil":3,"minecraft:hopper":1,"minecraft:jungle_trapdoor":3,"minecraft:spruce_fence":21,"minecraft:granite":3,"minecraft:iron_hoe":206,"minecraft:bookshelf":7,"minecraft:iron_axe":248,"minecraft:jungle_log":2,"minecraft:bamboo":34,"minecraft:basalt":450,"minecraft:golden_carrot":50,"minecraft:cooked_beef":22,"minecraft:cobbled_deepslate":23,"minecraft:pumpkin":10,"minecraft:pointed_dripstone":8,"minecraft:wheat_seeds":224,"minecraft:cooked_mutton":6,"minecraft:water_bucket":48,"minecraft:snow_block":26,"minecraft:baked_potato":47,"minecraft:birch_boat":3,"minecraft:cauldron":8,"minecraft:fletching_table":8,"minecraft:cobblestone_slab":38,"minecraft:crafting_table":8,"minecraft:red_bed":10,"minecraft:white_bed":11,"minecraft:spruce_log":16,"minecraft:smoker":4,"minecraft:diamond_pickaxe":3026,"minecraft:diamond_shovel":18,"minecraft:suspicious_stew":2,"minecraft:iron_pickaxe":492,"minecraft:leather_helmet":1,"minecraft:spruce_sapling":138,"minecraft:stone_axe":135,"minecraft:cobblestone":118,"minecraft:white_banner":1,"minecraft:cooked_porkchop":19,"minecraft:bucket":65},"minecraft:dropped":{"minecraft:iron_sword":3,"minecraft:diamond_axe":3,"minecraft:lapis_lazuli":4,"minecraft:cooked_beef":1,"minecraft:baked_potato":9,"minecraft:crafting_table":1,"minecraft:leather":1,"minecraft:cod":2,"minecraft:flint":3,"minecraft:dirt":5,"minecraft:snowball":93,"minecraft:gold_nugget":8,"minecraft:sand":1,"minecraft:iron_pickaxe":3,"minecraft:blue_bed":2,"minecraft:bone":6,"minecraft:gravel":10,"minecraft:stone_axe":13,"minecraft:compass":2,"minecraft:cobbled_deepslate":5,"minecraft:rotten_flesh":17,"minecraft:white_bed":2,"minecraft:carrot":231,"minecraft:chainmail_chestplate":2,"minecraft:poppy":5,"minecraft:leather_chestplate":1,"minecraft:tipped_arrow":1,"minecraft:gunpowder":1,"minecraft:beetroot_seeds":7,"minecraft:arrow":2,"minecraft:beef":2,"minecraft:ghast_tear":1,"minecraft:netherrack":9,"minecraft:iron_ingot":10,"minecraft:water_bucket":1,"minecraft:wheat_seeds":313,"minecraft:poisonous_potato":5,"minecraft:lead":1,"minecraft:cobblestone":1,"minecraft:granite":3,"minecraft:spruce_door":4,"minecraft:spruce_stairs":1,"minecraft:grass_block":3,"minecraft:turtle_egg":5,"minecraft:lava_bucket":1,"minecraft:iron_block":1,"minecraft:torch":3,"minecraft:iron_shovel":1,"minecraft:chainmail_leggings":1,"minecraft:paper":21,"minecraft:string":13,"minecraft:spruce_sapling":1,"minecraft:soul_soil":6,"minecraft:bowl":3,"minecraft:stone_shovel":2,"minecraft:spruce_fence":1,"minecraft:pumpkin_seeds":8,"minecraft:suspicious_stew":1,"minecraft:potato":351,"minecraft:spruce_planks":3,"minecraft:golden_leggings":1,"minecraft:oak_sapling":2,"minecraft:spider_eye":4,"minecraft:diamond_boots":2,"minecraft:spruce_log":3,"minecraft:birch_boat":2,"minecraft:stone_pickaxe":12,"minecraft:magma_block":1340},"minecraft:mined":{"minecraft:white_bed":8,"minecraft:spruce_planks":3,"minecraft:farmland":2,"minecraft:jungle_leaves":4,"minecraft:obsidian":2,"minecraft:carved_pumpkin":4,"minecraft:granite":6,"minecraft:grass_block":573,"minecraft:jungle_log":26,"minecraft:soul_soil":3,"minecraft:tall_seagrass":19,"minecraft:magma_block":1374,"minecraft:turtle_egg":6,"minecraft:cobbled_deepslate":6,"minecraft:iron_ore":8,"minecraft:fire":5,"minecraft:pumpkin":19,"minecraft:fletching_table":8,"minecraft:deepslate_lapis_ore":16,"minecraft:anvil":2,"minecraft:azure_bluet":1,"minecraft:dirt_path":12,"minecraft:white_banner":2,"minecraft:spruce_slab":13,"minecraft:jungle_trapdoor":1,"minecraft:deepslate_redstone_ore":15,"minecraft:red_bed":8,"minecraft:blackstone":60,"minecraft:kelp_plant":20,"minecraft:smoker":1,"minecraft:torch":42,"minecraft:poppy":2,"minecraft:chest":6,"minecraft:nether_quartz_ore":42,"minecraft:cobblestone":62,"minecraft:sugar_cane":147,"minecraft:grindstone":1,"minecraft:wall_torch":13,"minecraft:seagrass":20,"minecraft:wheat":179,"minecraft:birch_log":81,"minecraft:blue_ice":14,"minecraft:grass":77,"minecraft:oak_log":6,"minecraft:sand":22,"minecraft:dirt":300,"minecraft:netherrack":845,"minecraft:oak_leaves":10,"minecraft:deepslate":149,"minecraft:nether_gold_ore":2,"minecraft:deepslate_diamond_ore":4,"minecraft:glow_lichen":1,"minecraft:spruce_fence":27,"minecraft:crimson_roots":1,"minecraft:spruce_leaves":107,"minecraft:large_fern":8,"minecraft:spruce_sapling":33,"minecraft:furnace":5,"minecraft:carrots":324,"minecraft:jungle_sapling":1,"minecraft:snow":307,"minecraft:stripped_spruce_log":3,"minecraft:bookshelf":1,"minecraft:potatoes":579,"minecraft:cobblestone_slab":21,"minecraft:deepslate_iron_ore":34,"minecraft:vine":2,"minecraft:lantern":6,"minecraft:bamboo":8,"minecraft:stone":167,"minecraft:bone_block":19,"minecraft:white_wool":4,"minecraft:redstone_wall_torch":1,"minecraft:podzol":2,"minecraft:glass_pane":1,"minecraft:soul_sand":66,"minecraft:snow_block":130,"minecraft:basalt":509,"minecraft:spruce_door":4,"minecraft:crafting_table":7,"minecraft:lectern":4,"minecraft:copper_ore":2,"minecraft:tall_grass":11,"minecraft:deepslate_gold_ore":25,"minecraft:lapis_ore":4,"minecraft:diorite":11,"minecraft:blue_bed":9,"minecraft:spruce_stairs":1,"minecraft:sweet_berry_bush":18,"minecraft:ice":113,"minecraft:spruce_log":1402,"minecraft:birch_leaves":1,"minecraft:coal_ore":135,"minecraft:cocoa":3,"minecraft:gravel":50,"minecraft:fern":2,"minecraft:birch_fence":3},"minecraft:crafted":{"minecraft:smooth_stone":3,"minecraft:oak_planks":24,"minecraft:cobblestone_slab":78,"minecraft:birch_boat":2,"minecraft:stone":3,"minecraft:diamond_shovel":2,"minecraft:bookshelf":7,"minecraft:cooked_mutton":6,"minecraft:hopper":1,"minecraft:glass":11,"minecraft:birch_fence_gate":1,"minecraft:chest":9,"minecraft:stone_hoe":1,"minecraft:smoker":1,"minecraft:emerald":441,"minecraft:cauldron":8,"minecraft:cooked_porkchop":19,"minecraft:diamond_axe":2,"minecraft:crafting_table":2,"minecraft:spruce_planks":5216,"minecraft:wooden_pickaxe":1,"minecraft:baked_potato":47,"minecraft:smithing_table":1,"minecraft:birch_planks":328,"minecraft:iron_chestplate":1,"minecraft:book":18,"minecraft:paper":66,"minecraft:diamond_pickaxe":3,"minecraft:charcoal":2,"minecraft:shield":2,"minecraft:birch_fence":27,"minecraft:stick":10988,"minecraft:iron_ingot":14,"minecraft:iron_pickaxe":3,"minecraft:iron_block":2,"minecraft:stone_sword":1,"minecraft:snow_block":11,"minecraft:gold_ingot":47,"minecraft:redstone_torch":1,"minecraft:shears":2,"minecraft:golden_carrot":57,"minecraft:leather_boots":1,"minecraft:diamond_hoe":3,"minecraft:furnace":3,"minecraft:blast_furnace":1,"minecraft:jungle_trapdoor":2,"minecraft:bone_meal":81,"minecraft:spruce_fence":30,"minecraft:flint_and_steel":1,"minecraft:iron_axe":4,"minecraft:iron_hoe":1,"minecraft:spruce_slab":84,"minecraft:stone_pickaxe":9,"minecraft:diamond_boots":1,"minecraft:cooked_beef":12,"minecraft:red_dye":1,"minecraft:diamond_sword":1,"minecraft:enchanting_table":1,"minecraft:iron_sword":5,"minecraft:red_bed":1,"minecraft:leather_helmet":1,"minecraft:bucket":1,"minecraft:stone_axe":11,"minecraft:enchanted_book":7,"minecraft:air":0,"minecraft:jungle_planks":96,"minecraft:blue_dye":9,"minecraft:gold_nugget":459,"minecraft:birch_trapdoor":2,"minecraft:iron_shovel":5,"minecraft:anvil":1,"minecraft:white_bed":4,"minecraft:torch":172,"minecraft:diamond_chestplate":1},"minecraft:custom":{"minecraft:animals_bred":18,"minecraft:interact_with_crafting_table":75,"minecraft:bell_ring":2,"minecraft:leave_game":15,"minecraft:time_since_death":800696,"minecraft:sprint_one_cm":1750014,"minecraft:damage_blocked_by_shield":275,"minecraft:drop":206,"minecraft:talked_to_villager":221,"minecraft:play_time":800696,"minecraft:jump":16042,"minecraft:walk_on_water_one_cm":72491,"minecraft:enchant_item":9,"minecraft:interact_with_furnace":52,"minecraft:traded_with_villager":490,"minecraft:sleep_in_bed":51,"minecraft:damage_dealt":68997,"minecraft:crouch_one_cm":112029,"minecraft:interact_with_smoker":33,"minecraft:interact_with_smithing_table":3,"minecraft:mob_kills":370,"minecraft:interact_with_anvil":8,"minecraft:climb_one_cm":3376,"minecraft:walk_one_cm":1867307,"minecraft:sneak_time":40567,"minecraft:walk_under_water_one_cm":77720,"minecraft:boat_one_cm":85052,"minecraft:interact_with_blast_furnace":32,"minecraft:total_world_time":800696,"minecraft:interact_with_grindstone":14,"minecraft:time_since_rest":8052,"minecraft:damage_taken":8363,"minecraft:swim_one_cm":203794,"minecraft:fly_one_cm":3638042,"minecraft:open_chest":601,"minecraft:fall_one_cm":343615},"minecraft:broken":{"minecraft:iron_shovel":4,"minecraft:diamond_helmet":1,"minecraft:leather_leggings":1,"minecraft:diamond_pickaxe":1,"minecraft:stone_axe":1,"minecraft:iron_sword":2,"minecraft:leather_helmet":1,"minecraft:golden_hoe":1,"minecraft:stone_sword":1,"minecraft:stone_hoe":1,"minecraft:iron_axe":1,"minecraft:leather_boots":1,"minecraft:iron_pickaxe":1},"minecraft:picked_up":{"minecraft:seagrass":19,"minecraft:wheat":151,"minecraft:suspicious_stew":1,"minecraft:anvil":2,"minecraft:lead":21,"minecraft:turtle_egg":5,"minecraft:string":45,"minecraft:soul_soil":12,"minecraft:raw_copper":7,"minecraft:diamond_leggings":1,"minecraft:gold_nugget":15,"minecraft:cobbled_deepslate":156,"minecraft:bucket":1,"minecraft:spruce_planks":4,"minecraft:redstone_torch":1,"minecraft:cobblestone_slab":24,"minecraft:iron_pickaxe":2,"minecraft:furnace":5,"minecraft:tipped_arrow":7,"minecraft:stick":111,"minecraft:torch":75,"minecraft:spruce_stairs":1,"minecraft:porkchop":19,"minecraft:diorite":11,"minecraft:rotten_flesh":74,"minecraft:iron_block":2,"minecraft:carved_pumpkin":4,"minecraft:obsidian":2,"minecraft:cod":2,"minecraft:snowball":904,"minecraft:cobblestone":217,"minecraft:birch_log":81,"minecraft:enchanting_table":1,"minecraft:magma_block":1344,"minecraft:cooked_beef":10,"minecraft:magma_cream":7,"minecraft:jungle_log":31,"minecraft:smoker":2,"minecraft:potato":2083,"minecraft:flint":6,"minecraft:lapis_lazuli":141,"minecraft:dirt":955,"minecraft:lantern":8,"minecraft:bone":47,"minecraft:bow":2,"minecraft:wheat_seeds":644,"minecraft:raw_gold":25,"minecraft:grindstone":1,"minecraft:fletching_table":8,"minecraft:diamond_helmet":1,"minecraft:bamboo":51,"minecraft:ghast_tear":1,"minecraft:poisonous_potato":10,"minecraft:sand":47,"minecraft:stripped_spruce_log":3,"minecraft:grass_block":5,"minecraft:diamond":4,"minecraft:granite":6,"minecraft:bone_meal":4,"minecraft:emerald":6,"minecraft:oak_sapling":2,"minecraft:netherrack":798,"minecraft:crimson_roots":1,"minecraft:cocoa_beans":7,"minecraft:crafting_table":7,"minecraft:azure_bluet":1,"minecraft:jungle_trapdoor":1,"minecraft:red_bed":8,"minecraft:compass":2,"minecraft:iron_shovel":1,"minecraft:birch_fence":3,"minecraft:blackstone":56,"minecraft:beef":26,"minecraft:oak_boat":1,"minecraft:jungle_sapling":7,"minecraft:poppy":20,"minecraft:spruce_slab":15,"minecraft:lectern":4,"minecraft:sugar_cane":282,"minecraft:chest":5,"minecraft:birch_sapling":11,"minecraft:raw_iron":42,"minecraft:bowl":1,"minecraft:spruce_fence":27,"minecraft:carrot":1271,"minecraft:redstone":65,"minecraft:arrow":36,"minecraft:diamond_boots":2,"minecraft:mutton":19,"minecraft:bone_block":15,"minecraft:white_wool":18,"minecraft:basalt":536,"minecraft:salmon":26,"minecraft:leather":25,"minecraft:oak_log":6,"minecraft:golden_boots":1,"minecraft:gunpowder":19,"minecraft:blue_bed":10,"minecraft:paper":21,"minecraft:white_banner":2,"minecraft:podzol":1,"minecraft:kelp":149,"minecraft:iron_ingot":72,"minecraft:stone_pickaxe":1,"minecraft:soul_sand":66,"minecraft:iron_sword":3,"minecraft:book":3,"minecraft:birch_boat":3,"minecraft:pumpkin":18,"minecraft:sweet_berries":33,"minecraft:quartz":42,"minecraft:gravel":44,"minecraft:lava_bucket":1,"minecraft:spruce_sapling":172,"minecraft:white_bed":10,"minecraft:spruce_log":1404,"minecraft:spider_eye":13,"minecraft:spruce_door":5,"minecraft:pumpkin_seeds":12,"minecraft:stone_axe":2,"minecraft:diamond_axe":1,"minecraft:baked_potato":9,"minecraft:coal":192,"minecraft:ender_pearl":1}},"DataVersion":3465}