{"stats":{"minecraft:custom":{"minecraft:time_since_rest":8765,"minecraft:crouch_one_cm":50,"minecraft:play_time":8765,"minecraft:sprint_one_cm":15413,"minecraft:damage_taken":80,"minecraft:walk_one_cm":12974,"minecraft:sneak_time":19,"minecraft:drop":1,"minecraft:jump":220,"minecraft:leave_game":1,"minecraft:time_since_death":8765,"minecraft:total_world_time":8765,"minecraft:interact_with_crafting_table":4,"minecraft:fall_one_cm":8315,"minecraft:fly_one_cm":39285},"minecraft:used":{"minecraft:stone_axe":2,"minecraft:crafting_table":1,"minecraft:stone_pickaxe":9,"minecraft:wooden_pickaxe":10},"minecraft:mined":{"minecraft:grass":3,"minecraft:stone":19,"minecraft:spruce_leaves":18,"minecraft:spruce_log":15,"minecraft:crafting_table":1},"minecraft:crafted":{"minecraft:stone_sword":1,"minecraft:furnace":1,"minecraft:stone_axe":1,"minecraft:crafting_table":1,"minecraft:spruce_planks":60,"minecraft:stick":8,"minecraft:wooden_pickaxe":1,"minecraft:stone_pickaxe":1},"minecraft:dropped":{"minecraft:wheat_seeds":1},"minecraft:picked_up":{"minecraft:stick":3,"minecraft:crafting_table":1,"minecraft:wheat_seeds":1,"minecraft:spruce_sapling":8,"minecraft:spruce_log":15,"minecraft:cobblestone":19}},"DataVersion":3465}