{"stats":{"minecraft:killed":{"minecraft:spider":22,"minecraft:skeleton":8,"minecraft:magma_cube":43,"minecraft:pig":8,"minecraft:salmon":23,"minecraft:iron_golem":21,"minecraft:creeper":8,"minecraft:sheep":15,"minecraft:zombie":60,"minecraft:stray":13,"minecraft:cow":12,"minecraft:snow_golem":2,"minecraft:wandering_trader":1,"minecraft:polar_bear":1,"minecraft:enderman":3},"minecraft:dropped":{"minecraft:iron_sword":3,"minecraft:diamond_axe":1,"minecraft:cooked_beef":1,"minecraft:baked_potato":9,"minecraft:cod":2,"minecraft:flint":3,"minecraft:dirt":1,"minecraft:snowball":93,"minecraft:gold_nugget":3,"minecraft:iron_pickaxe":1,"minecraft:blue_bed":2,"minecraft:bone":2,"minecraft:gravel":10,"minecraft:stone_axe":1,"minecraft:compass":2,"minecraft:cobbled_deepslate":5,"minecraft:rotten_flesh":8,"minecraft:white_bed":2,"minecraft:carrot":231,"minecraft:poppy":5,"minecraft:beetroot_seeds":7,"minecraft:arrow":2,"minecraft:water_bucket":1,"minecraft:iron_ingot":10,"minecraft:wheat_seeds":179,"minecraft:poisonous_potato":5,"minecraft:granite":3,"minecraft:spruce_door":4,"minecraft:spruce_stairs":1,"minecraft:grass_block":1,"minecraft:lava_bucket":1,"minecraft:iron_block":1,"minecraft:iron_shovel":1,"minecraft:paper":21,"minecraft:string":4,"minecraft:spruce_sapling":1,"minecraft:bowl":1,"minecraft:spruce_fence":1,"minecraft:pumpkin_seeds":8,"minecraft:suspicious_stew":1,"minecraft:potato":351,"minecraft:spruce_planks":3,"minecraft:oak_sapling":2,"minecraft:spider_eye":1,"minecraft:spruce_log":3,"minecraft:birch_boat":2,"minecraft:stone_pickaxe":1,"minecraft:magma_block":1340},"minecraft:crafted":{"minecraft:smooth_stone":3,"minecraft:oak_planks":24,"minecraft:cobblestone_slab":6,"minecraft:birch_boat":2,"minecraft:stone":3,"minecraft:bookshelf":6,"minecraft:cooked_mutton":6,"minecraft:glass":11,"minecraft:hopper":1,"minecraft:birch_fence_gate":1,"minecraft:chest":9,"minecraft:stone_hoe":1,"minecraft:smoker":1,"minecraft:emerald":239,"minecraft:cooked_porkchop":19,"minecraft:diamond_axe":2,"minecraft:crafting_table":1,"minecraft:spruce_planks":2536,"minecraft:wooden_pickaxe":1,"minecraft:baked_potato":47,"minecraft:smithing_table":1,"minecraft:birch_planks":328,"minecraft:iron_chestplate":1,"minecraft:book":12,"minecraft:paper":66,"minecraft:diamond_pickaxe":2,"minecraft:charcoal":2,"minecraft:shield":2,"minecraft:birch_fence":27,"minecraft:stick":5628,"minecraft:iron_ingot":14,"minecraft:iron_pickaxe":2,"minecraft:iron_block":2,"minecraft:stone_sword":1,"minecraft:snow_block":8,"minecraft:gold_ingot":47,"minecraft:redstone_torch":1,"minecraft:shears":2,"minecraft:golden_carrot":57,"minecraft:leather_boots":1,"minecraft:furnace":3,"minecraft:blast_furnace":1,"minecraft:jungle_trapdoor":2,"minecraft:bone_meal":81,"minecraft:spruce_fence":30,"minecraft:flint_and_steel":1,"minecraft:iron_axe":1,"minecraft:iron_hoe":1,"minecraft:spruce_slab":84,"minecraft:stone_pickaxe":9,"minecraft:diamond_boots":1,"minecraft:cooked_beef":12,"minecraft:red_dye":1,"minecraft:diamond_sword":1,"minecraft:enchanting_table":1,"minecraft:iron_sword":5,"minecraft:red_bed":1,"minecraft:leather_helmet":1,"minecraft:bucket":1,"minecraft:stone_axe":1,"minecraft:air":0,"minecraft:jungle_planks":96,"minecraft:blue_dye":9,"minecraft:gold_nugget":459,"minecraft:birch_trapdoor":2,"minecraft:iron_shovel":5,"minecraft:anvil":1,"minecraft:white_bed":4,"minecraft:torch":172,"minecraft:diamond_chestplate":1},"minecraft:picked_up":{"minecraft:seagrass":19,"minecraft:wheat":100,"minecraft:suspicious_stew":1,"minecraft:anvil":2,"minecraft:lead":19,"minecraft:string":27,"minecraft:raw_copper":7,"minecraft:diamond_leggings":1,"minecraft:gold_nugget":5,"minecraft:cobbled_deepslate":156,"minecraft:bucket":1,"minecraft:spruce_planks":4,"minecraft:redstone_torch":1,"minecraft:cobblestone_slab":19,"minecraft:furnace":5,"minecraft:tipped_arrow":4,"minecraft:stick":82,"minecraft:torch":60,"minecraft:spruce_stairs":1,"minecraft:porkchop":19,"minecraft:diorite":11,"minecraft:rotten_flesh":56,"minecraft:iron_block":2,"minecraft:carved_pumpkin":2,"minecraft:obsidian":2,"minecraft:cod":2,"minecraft:snowball":874,"minecraft:cobblestone":212,"minecraft:enchanting_table":1,"minecraft:birch_log":81,"minecraft:magma_block":1342,"minecraft:cooked_beef":10,"minecraft:magma_cream":5,"minecraft:jungle_log":31,"minecraft:smoker":2,"minecraft:potato":1746,"minecraft:flint":6,"minecraft:lantern":2,"minecraft:lapis_lazuli":141,"minecraft:dirt":934,"minecraft:bone":32,"minecraft:bow":2,"minecraft:wheat_seeds":363,"minecraft:raw_gold":25,"minecraft:grindstone":1,"minecraft:diamond_helmet":1,"minecraft:fletching_table":8,"minecraft:bamboo":51,"minecraft:poisonous_potato":9,"minecraft:sand":22,"minecraft:stripped_spruce_log":3,"minecraft:grass_block":1,"minecraft:diamond":4,"minecraft:granite":6,"minecraft:bone_meal":4,"minecraft:emerald":2,"minecraft:oak_sapling":2,"minecraft:netherrack":563,"minecraft:cocoa_beans":7,"minecraft:crafting_table":6,"minecraft:azure_bluet":1,"minecraft:jungle_trapdoor":1,"minecraft:red_bed":8,"minecraft:compass":2,"minecraft:iron_shovel":1,"minecraft:birch_fence":3,"minecraft:blackstone":21,"minecraft:beef":16,"minecraft:oak_boat":1,"minecraft:jungle_sapling":7,"minecraft:poppy":20,"minecraft:spruce_slab":15,"minecraft:lectern":4,"minecraft:sugar_cane":201,"minecraft:chest":5,"minecraft:birch_sapling":11,"minecraft:raw_iron":42,"minecraft:spruce_fence":25,"minecraft:carrot":733,"minecraft:redstone":65,"minecraft:arrow":25,"minecraft:diamond_boots":2,"minecraft:mutton":19,"minecraft:white_wool":18,"minecraft:basalt":402,"minecraft:salmon":26,"minecraft:leather":18,"minecraft:oak_log":6,"minecraft:gunpowder":11,"minecraft:blue_bed":10,"minecraft:paper":21,"minecraft:white_banner":1,"minecraft:podzol":1,"minecraft:kelp":149,"minecraft:iron_ingot":69,"minecraft:stone_pickaxe":1,"minecraft:soul_sand":65,"minecraft:iron_sword":3,"minecraft:birch_boat":3,"minecraft:pumpkin":18,"minecraft:sweet_berries":33,"minecraft:quartz":6,"minecraft:gravel":44,"minecraft:lava_bucket":1,"minecraft:spruce_sapling":129,"minecraft:white_bed":10,"minecraft:spruce_log":646,"minecraft:spider_eye":6,"minecraft:spruce_door":5,"minecraft:pumpkin_seeds":8,"minecraft:stone_axe":1,"minecraft:baked_potato":9,"minecraft:coal":192,"minecraft:ender_pearl":1},"minecraft:custom":{"minecraft:animals_bred":12,"minecraft:interact_with_crafting_table":65,"minecraft:bell_ring":1,"minecraft:leave_game":12,"minecraft:time_since_death":624343,"minecraft:sprint_one_cm":1303776,"minecraft:damage_blocked_by_shield":275,"minecraft:drop":122,"minecraft:talked_to_villager":153,"minecraft:play_time":624343,"minecraft:jump":12066,"minecraft:walk_on_water_one_cm":67999,"minecraft:enchant_item":8,"minecraft:interact_with_furnace":52,"minecraft:traded_with_villager":261,"minecraft:sleep_in_bed":41,"minecraft:damage_dealt":49600,"minecraft:crouch_one_cm":97625,"minecraft:interact_with_smoker":29,"minecraft:interact_with_smithing_table":1,"minecraft:mob_kills":249,"minecraft:interact_with_anvil":1,"minecraft:climb_one_cm":3014,"minecraft:walk_one_cm":1491241,"minecraft:sneak_time":33419,"minecraft:walk_under_water_one_cm":69432,"minecraft:boat_one_cm":85052,"minecraft:interact_with_blast_furnace":32,"minecraft:total_world_time":624343,"minecraft:interact_with_grindstone":9,"minecraft:time_since_rest":10316,"minecraft:damage_taken":6941,"minecraft:swim_one_cm":178379,"minecraft:fly_one_cm":2816261,"minecraft:open_chest":485,"minecraft:fall_one_cm":263314},"minecraft:mined":{"minecraft:white_bed":8,"minecraft:spruce_planks":3,"minecraft:farmland":2,"minecraft:jungle_leaves":4,"minecraft:carved_pumpkin":2,"minecraft:obsidian":2,"minecraft:granite":6,"minecraft:grass_block":568,"minecraft:jungle_log":26,"minecraft:tall_seagrass":19,"minecraft:magma_block":1372,"minecraft:fire":3,"minecraft:iron_ore":8,"minecraft:cobbled_deepslate":6,"minecraft:turtle_egg":2,"minecraft:pumpkin":19,"minecraft:fletching_table":8,"minecraft:deepslate_lapis_ore":16,"minecraft:anvil":2,"minecraft:azure_bluet":1,"minecraft:dirt_path":11,"minecraft:white_banner":1,"minecraft:spruce_slab":13,"minecraft:jungle_trapdoor":1,"minecraft:deepslate_redstone_ore":15,"minecraft:red_bed":8,"minecraft:blackstone":22,"minecraft:kelp_plant":20,"minecraft:smoker":1,"minecraft:torch":29,"minecraft:poppy":2,"minecraft:chest":6,"minecraft:nether_quartz_ore":6,"minecraft:cobblestone":58,"minecraft:grindstone":1,"minecraft:sugar_cane":97,"minecraft:wall_torch":13,"minecraft:seagrass":20,"minecraft:wheat":128,"minecraft:birch_log":81,"minecraft:blue_ice":14,"minecraft:grass":47,"minecraft:oak_log":6,"minecraft:sand":22,"minecraft:dirt":294,"minecraft:netherrack":623,"minecraft:oak_leaves":10,"minecraft:deepslate":149,"minecraft:nether_gold_ore":1,"minecraft:deepslate_diamond_ore":4,"minecraft:glow_lichen":1,"minecraft:spruce_fence":25,"minecraft:spruce_leaves":94,"minecraft:large_fern":8,"minecraft:spruce_sapling":24,"minecraft:furnace":5,"minecraft:carrots":150,"minecraft:jungle_sapling":1,"minecraft:snow":295,"minecraft:stripped_spruce_log":3,"minecraft:potatoes":443,"minecraft:cobblestone_slab":17,"minecraft:deepslate_iron_ore":34,"minecraft:vine":2,"minecraft:bamboo":8,"minecraft:stone":166,"minecraft:white_wool":4,"minecraft:redstone_wall_torch":1,"minecraft:podzol":1,"minecraft:glass_pane":1,"minecraft:soul_sand":65,"minecraft:snow_block":130,"minecraft:basalt":377,"minecraft:spruce_door":4,"minecraft:crafting_table":6,"minecraft:lectern":4,"minecraft:tall_grass":7,"minecraft:copper_ore":2,"minecraft:lapis_ore":4,"minecraft:deepslate_gold_ore":25,"minecraft:diorite":11,"minecraft:blue_bed":9,"minecraft:spruce_stairs":1,"minecraft:sweet_berry_bush":18,"minecraft:ice":113,"minecraft:spruce_log":644,"minecraft:birch_leaves":1,"minecraft:coal_ore":135,"minecraft:cocoa":3,"minecraft:gravel":50,"minecraft:birch_fence":3,"minecraft:fern":2},"minecraft:used":{"minecraft:iron_shovel":1286,"minecraft:spruce_slab":83,"minecraft:poppy":3,"minecraft:chest":13,"minecraft:shield":2,"minecraft:iron_sword":653,"minecraft:iron_chestplate":1,"minecraft:cocoa_beans":6,"minecraft:carrot":180,"minecraft:snowball":203,"minecraft:azure_bluet":1,"minecraft:jungle_sapling":5,"minecraft:lava_bucket":11,"minecraft:lantern":2,"minecraft:birch_trapdoor":2,"minecraft:bow":7,"minecraft:furnace":5,"minecraft:potato":545,"minecraft:diorite":11,"minecraft:spruce_door":1,"minecraft:stone_pickaxe":126,"minecraft:blackstone":16,"minecraft:ender_pearl":1,"minecraft:wooden_pickaxe":16,"minecraft:blue_bed":8,"minecraft:diamond_axe":519,"minecraft:sugar_cane":69,"minecraft:white_wool":3,"minecraft:golden_hoe":34,"minecraft:blast_furnace":2,"minecraft:crossbow":15,"minecraft:shears":3,"minecraft:birch_fence":9,"minecraft:redstone_torch":2,"minecraft:birch_fence_gate":1,"minecraft:bread":20,"minecraft:lectern":4,"minecraft:gravel":12,"minecraft:diamond_sword":100,"minecraft:grindstone":1,"minecraft:smithing_table":1,"minecraft:oak_boat":1,"minecraft:bone_meal":68,"minecraft:enchanting_table":2,"minecraft:stone_sword":152,"minecraft:carved_pumpkin":2,"minecraft:stone_hoe":131,"minecraft:cooked_chicken":1,"minecraft:netherrack":223,"minecraft:torch":231,"minecraft:dirt":412,"minecraft:anvil":3,"minecraft:hopper":1,"minecraft:jungle_trapdoor":3,"minecraft:granite":3,"minecraft:spruce_fence":19,"minecraft:iron_hoe":205,"minecraft:bookshelf":6,"minecraft:iron_axe":248,"minecraft:jungle_log":2,"minecraft:bamboo":34,"minecraft:basalt":399,"minecraft:golden_carrot":28,"minecraft:cooked_beef":14,"minecraft:cobbled_deepslate":23,"minecraft:pumpkin":9,"minecraft:wheat_seeds":161,"minecraft:cooked_mutton":6,"minecraft:water_bucket":45,"minecraft:snow_block":8,"minecraft:baked_potato":47,"minecraft:birch_boat":3,"minecraft:fletching_table":8,"minecraft:cobblestone_slab":25,"minecraft:crafting_table":7,"minecraft:red_bed":10,"minecraft:white_bed":11,"minecraft:smoker":4,"minecraft:spruce_log":15,"minecraft:diamond_pickaxe":2560,"minecraft:suspicious_stew":1,"minecraft:iron_pickaxe":488,"minecraft:leather_helmet":1,"minecraft:spruce_sapling":98,"minecraft:stone_axe":135,"minecraft:cobblestone":115,"minecraft:white_banner":1,"minecraft:cooked_porkchop":19,"minecraft:bucket":57},"minecraft:broken":{"minecraft:iron_shovel":4,"minecraft:leather_leggings":1,"minecraft:diamond_pickaxe":1,"minecraft:stone_axe":1,"minecraft:iron_sword":2,"minecraft:leather_helmet":1,"minecraft:golden_hoe":1,"minecraft:stone_sword":1,"minecraft:stone_hoe":1,"minecraft:iron_axe":1,"minecraft:leather_boots":1,"minecraft:iron_pickaxe":1}},"DataVersion":3465}