{"stats":{"minecraft:mined":{"minecraft:birch_log":34,"minecraft:birch_leaves":1,"minecraft:crafting_table":2,"minecraft:grass_block":3,"minecraft:oak_log":4,"minecraft:chest":1,"minecraft:dirt":8,"minecraft:lapis_ore":8,"minecraft:stone":8,"minecraft:sugar_cane":3,"minecraft:oak_leaves":3},"minecraft:picked_up":{"minecraft:birch_log":34,"minecraft:seagrass":1,"minecraft:crafting_table":2,"minecraft:cooked_beef":4,"minecraft:feather":3,"minecraft:chicken":1,"minecraft:birch_boat":2,"minecraft:leather":3,"minecraft:oak_log":4,"minecraft:gunpowder":1,"minecraft:lapis_lazuli":58,"minecraft:dirt":11,"minecraft:cooked_mutton":9,"minecraft:beef":1,"minecraft:cooked_chicken":2,"minecraft:sugar_cane":7,"minecraft:chest":1,"minecraft:mutton":3,"minecraft:white_wool":8,"minecraft:cobblestone":8},"minecraft:crafted":{"minecraft:crafting_table":1,"minecraft:stick":4,"minecraft:birch_boat":1,"minecraft:wooden_pickaxe":1,"minecraft:stone_pickaxe":1,"minecraft:birch_planks":136},"minecraft:killed":{"minecraft:sheep":8,"minecraft:chicken":3,"minecraft:turtle":1,"minecraft:creeper":1,"minecraft:cow":2},"minecraft:broken":{"minecraft:golden_sword":1,"minecraft:golden_axe":1},"minecraft:used":{"minecraft:cooked_mutton":2,"minecraft:stone_pickaxe":8,"minecraft:wooden_pickaxe":10,"minecraft:birch_boat":2,"minecraft:golden_leggings":1,"minecraft:cooked_chicken":1,"minecraft:golden_sword":32,"minecraft:dirt":6,"minecraft:crafting_table":2,"minecraft:golden_axe":42},"minecraft:custom":{"minecraft:time_since_rest":15193,"minecraft:sprint_one_cm":71437,"minecraft:damage_taken":66,"minecraft:walk_one_cm":37750,"minecraft:mob_kills":16,"minecraft:damage_dealt":1586,"minecraft:swim_one_cm":1644,"minecraft:interact_with_crafting_table":3,"minecraft:fly_one_cm":44174,"minecraft:open_chest":2,"minecraft:crouch_one_cm":12,"minecraft:play_time":15193,"minecraft:sneak_time":1,"minecraft:walk_under_water_one_cm":70,"minecraft:boat_one_cm":115335,"minecraft:jump":211,"minecraft:leave_game":1,"minecraft:time_since_death":15193,"minecraft:walk_on_water_one_cm":2494,"minecraft:total_world_time":15193,"minecraft:fall_one_cm":3524}},"DataVersion":3465}