{"stats":{"minecraft:killed_by":{"minecraft:magma_cube":1},"minecraft:killed":{"minecraft:cave_spider":1,"minecraft:zombified_piglin":1,"minecraft:witch":3,"minecraft:spider":19,"minecraft:skeleton":7,"minecraft:chicken":6,"minecraft:turtle":1,"minecraft:magma_cube":117,"minecraft:piglin":3,"minecraft:pig":15,"minecraft:zombie_villager":3,"minecraft:salmon":4,"minecraft:iron_golem":19,"minecraft:creeper":15,"minecraft:sheep":14,"minecraft:pillager":11,"minecraft:zombie":64,"minecraft:ghast":5,"minecraft:stray":16,"minecraft:cow":8,"minecraft:phantom":1,"minecraft:drowned":5,"minecraft:ravager":1,"minecraft:enderman":5},"minecraft:used":{"minecraft:iron_shovel":1251,"minecraft:poppy":6,"minecraft:chest":14,"minecraft:shield":45,"minecraft:iron_sword":452,"minecraft:rotten_flesh":4,"minecraft:iron_chestplate":1,"minecraft:soul_sand":1,"minecraft:carrot":197,"minecraft:tuff":1,"minecraft:snowball":121,"minecraft:obsidian":19,"minecraft:glass":42,"minecraft:lava_bucket":46,"minecraft:grass_block":3,"minecraft:lantern":51,"minecraft:iron_helmet":1,"minecraft:golden_sword":32,"minecraft:magma_block":8,"minecraft:bow":22,"minecraft:furnace":2,"minecraft:potato":308,"minecraft:diorite":13,"minecraft:stone_pickaxe":135,"minecraft:blackstone":186,"minecraft:wooden_pickaxe":10,"minecraft:diamond_axe":3217,"minecraft:blue_bed":26,"minecraft:white_wool":1,"minecraft:blast_furnace":4,"minecraft:shears":1,"minecraft:bread":15,"minecraft:string":1,"minecraft:lectern":32,"minecraft:gravel":81,"minecraft:diamond_sword":541,"minecraft:grindstone":6,"minecraft:smithing_table":5,"minecraft:oak_boat":10,"minecraft:oak_trapdoor":2,"minecraft:stone_sword":122,"minecraft:flint_and_steel":27,"minecraft:carved_pumpkin":3,"minecraft:stone_shovel":88,"minecraft:spruce_planks":5,"minecraft:cooked_chicken":1,"minecraft:netherrack":818,"minecraft:torch":247,"minecraft:dirt":466,"minecraft:hopper":2,"minecraft:golden_shovel":32,"minecraft:spruce_fence":619,"minecraft:granite":17,"minecraft:bookshelf":25,"minecraft:iron_axe":989,"minecraft:iron_boots":1,"minecraft:basalt":757,"minecraft:podzol":1,"minecraft:cooked_beef":3,"minecraft:cobbled_deepslate":28,"minecraft:pumpkin":3,"minecraft:golden_axe":55,"minecraft:wheat_seeds":150,"minecraft:cooked_mutton":22,"minecraft:water_bucket":21,"minecraft:snow_block":8,"minecraft:birch_planks":6,"minecraft:baked_potato":215,"minecraft:birch_boat":9,"minecraft:spruce_sign":8,"minecraft:spruce_fence_gate":1,"minecraft:fletching_table":16,"minecraft:cobblestone_slab":157,"minecraft:crafting_table":10,"minecraft:red_bed":4,"minecraft:white_bed":14,"minecraft:spruce_log":16,"minecraft:oak_log":3,"minecraft:diamond_pickaxe":4927,"minecraft:diamond_shovel":272,"minecraft:iron_pickaxe":604,"minecraft:spruce_trapdoor":3,"minecraft:spruce_sapling":218,"minecraft:golden_leggings":1,"minecraft:cobblestone":433,"minecraft:white_banner":1,"minecraft:cooked_porkchop":8,"minecraft:bucket":72},"minecraft:dropped":{"minecraft:iron_sword":3,"minecraft:diamond_axe":4,"minecraft:baked_potato":9,"minecraft:saddle":1,"minecraft:light_weighted_pressure_plate":1,"minecraft:emerald":6,"minecraft:dirt":19,"minecraft:seagrass":1,"minecraft:snowball":147,"minecraft:iron_pickaxe":2,"minecraft:stone_axe":1,"minecraft:compass":2,"minecraft:rotten_flesh":20,"minecraft:oak_planks":3,"minecraft:carrot":295,"minecraft:salmon":3,"minecraft:poppy":38,"minecraft:basalt":48,"minecraft:ghast_tear":1,"minecraft:iron_ingot":5,"minecraft:wheat_seeds":214,"minecraft:diamond_leggings":1,"minecraft:poisonous_potato":7,"minecraft:feather":3,"minecraft:iron_helmet":2,"minecraft:granite":8,"minecraft:spruce_door":1,"minecraft:chainmail_helmet":15,"minecraft:stick":1,"minecraft:lava_bucket":1,"minecraft:iron_block":1,"minecraft:diamond_helmet":1,"minecraft:white_banner":1,"minecraft:chainmail_leggings":15,"minecraft:string":1,"minecraft:bucket":1,"minecraft:spruce_sapling":6,"minecraft:stone_brick_slab":1,"minecraft:iron_boots":8,"minecraft:diamond_sword":1,"minecraft:potato":861,"minecraft:spruce_planks":1,"minecraft:andesite":8,"minecraft:diamond_boots":2,"minecraft:bow":2,"minecraft:stone_pickaxe":1},"minecraft:mined":{"minecraft:spruce_planks":2,"minecraft:white_bed":14,"minecraft:carved_pumpkin":2,"minecraft:obsidian":20,"minecraft:spruce_trapdoor":2,"minecraft:granite":81,"minecraft:grass_block":432,"minecraft:hopper":2,"minecraft:composter":4,"minecraft:tall_seagrass":9,"minecraft:magma_block":677,"minecraft:glowstone":44,"minecraft:fire":39,"minecraft:iron_ore":47,"minecraft:pumpkin":11,"minecraft:fletching_table":12,"minecraft:deepslate_lapis_ore":4,"minecraft:enchanting_table":1,"minecraft:water_cauldron":2,"minecraft:dirt_path":63,"minecraft:tripwire":1,"minecraft:deepslate_redstone_ore":57,"minecraft:red_bed":5,"minecraft:blackstone":217,"minecraft:kelp_plant":3,"minecraft:smoker":3,"minecraft:torch":31,"minecraft:blast_furnace":5,"minecraft:chest":5,"minecraft:spruce_wall_sign":4,"minecraft:nether_quartz_ore":126,"minecraft:cobblestone":108,"minecraft:sugar_cane":145,"minecraft:grindstone":5,"minecraft:oak_planks":6,"minecraft:wall_torch":46,"minecraft:seagrass":7,"minecraft:wheat":144,"minecraft:birch_log":52,"minecraft:blue_ice":27,"minecraft:grass":33,"minecraft:oak_log":29,"minecraft:sand":341,"minecraft:dirt":504,"minecraft:netherrack":1494,"minecraft:oak_leaves":19,"minecraft:deepslate":37,"minecraft:nether_gold_ore":35,"minecraft:crying_obsidian":3,"minecraft:tuff":1,"minecraft:spruce_fence":20,"minecraft:spruce_leaves":228,"minecraft:kelp":21,"minecraft:spruce_sapling":8,"minecraft:furnace":2,"minecraft:carrots":57,"minecraft:snow":271,"minecraft:andesite":174,"minecraft:stripped_spruce_log":1,"minecraft:bookshelf":8,"minecraft:potatoes":224,"minecraft:cobblestone_slab":18,"minecraft:deepslate_iron_ore":21,"minecraft:rail":100,"minecraft:lantern":2,"minecraft:packed_ice":31,"minecraft:bamboo":2,"minecraft:stone":1272,"minecraft:white_wool":1,"minecraft:podzol":4,"minecraft:smithing_table":4,"minecraft:soul_sand":28,"minecraft:snow_block":4,"minecraft:basalt":890,"minecraft:stone_brick_slab":1,"minecraft:spruce_door":2,"minecraft:crafting_table":5,"minecraft:lectern":30,"minecraft:copper_ore":9,"minecraft:lapis_ore":12,"minecraft:deepslate_gold_ore":22,"minecraft:diorite":29,"minecraft:blue_bed":27,"minecraft:birch_planks":4,"minecraft:ice":48,"minecraft:spruce_log":3849,"minecraft:birch_leaves":9,"minecraft:coal_ore":18,"minecraft:gravel":146,"minecraft:cobweb":69},"minecraft:crafted":{"minecraft:grindstone":1,"minecraft:oak_planks":92,"minecraft:chainmail_helmet":8,"minecraft:cobblestone_slab":132,"minecraft:birch_boat":1,"minecraft:stone":63,"minecraft:diamond_shovel":1,"minecraft:bookshelf":27,"minecraft:glass":118,"minecraft:diamond_helmet":3,"minecraft:diamond_leggings":3,"minecraft:bow":1,"minecraft:iron_boots":9,"minecraft:chest":9,"minecraft:emerald":1024,"minecraft:cooked_porkchop":8,"minecraft:diamond_axe":5,"minecraft:crafting_table":6,"minecraft:spruce_planks":14959,"minecraft:wooden_pickaxe":1,"minecraft:baked_potato":374,"minecraft:iron_helmet":3,"minecraft:smithing_table":1,"minecraft:fletching_table":4,"minecraft:birch_planks":136,"minecraft:tnt":4,"minecraft:spruce_trapdoor":2,"minecraft:lectern":2,"minecraft:diamond_pickaxe":4,"minecraft:iron_chestplate":1,"minecraft:book":5,"minecraft:paper":87,"minecraft:charcoal":6,"minecraft:shield":2,"minecraft:stick":28167,"minecraft:stone_slab":6,"minecraft:iron_ingot":77,"minecraft:compass":7,"minecraft:iron_pickaxe":3,"minecraft:iron_block":1,"minecraft:stone_sword":1,"minecraft:snow_block":22,"minecraft:gold_ingot":3,"minecraft:spruce_fence_gate":1,"minecraft:shears":2,"minecraft:stone_shovel":1,"minecraft:iron_nugget":315,"minecraft:furnace":1,"minecraft:spruce_fence":576,"minecraft:oak_trapdoor":2,"minecraft:lantern":48,"minecraft:iron_axe":5,"minecraft:spruce_slab":12,"minecraft:stone_pickaxe":3,"minecraft:diamond_boots":5,"minecraft:chainmail_leggings":12,"minecraft:crossbow":1,"minecraft:diamond_sword":2,"minecraft:spruce_sign":6,"minecraft:iron_sword":12,"minecraft:bucket":4,"minecraft:enchanted_book":7,"minecraft:air":0,"minecraft:oak_boat":1,"minecraft:iron_shovel":5,"minecraft:white_bed":2,"minecraft:torch":188,"minecraft:diamond_chestplate":2},"minecraft:custom":{"minecraft:animals_bred":11,"minecraft:interact_with_crafting_table":94,"minecraft:bell_ring":12,"minecraft:leave_game":15,"minecraft:time_since_death":447915,"minecraft:sprint_one_cm":3336537,"minecraft:damage_blocked_by_shield":1769,"minecraft:drop":164,"minecraft:talked_to_villager":556,"minecraft:play_time":1183046,"minecraft:deaths":2,"minecraft:jump":18904,"minecraft:walk_on_water_one_cm":93180,"minecraft:enchant_item":1,"minecraft:interact_with_furnace":57,"minecraft:traded_with_villager":1153,"minecraft:sleep_in_bed":40,"minecraft:damage_dealt":54448,"minecraft:crouch_one_cm":110134,"minecraft:interact_with_smoker":37,"minecraft:interact_with_smithing_table":2,"minecraft:mob_kills":354,"minecraft:interact_with_anvil":9,"minecraft:climb_one_cm":3149,"minecraft:walk_one_cm":3190485,"minecraft:raid_win":2,"minecraft:sneak_time":33629,"minecraft:walk_under_water_one_cm":59024,"minecraft:boat_one_cm":534963,"minecraft:interact_with_blast_furnace":19,"minecraft:total_world_time":1183046,"minecraft:raid_trigger":1,"minecraft:interact_with_grindstone":3,"minecraft:time_since_rest":14166,"minecraft:damage_taken":8144,"minecraft:swim_one_cm":202491,"minecraft:fly_one_cm":3788977,"minecraft:open_chest":538,"minecraft:fall_one_cm":367633},"minecraft:broken":{"minecraft:iron_shovel":5,"minecraft:golden_shovel":1,"minecraft:stone_pickaxe":1,"minecraft:golden_sword":1,"minecraft:diamond_pickaxe":1,"minecraft:stone_sword":1,"minecraft:golden_axe":2,"minecraft:iron_axe":4,"minecraft:iron_pickaxe":2},"minecraft:picked_up":{"minecraft:seagrass":22,"minecraft:iron_chestplate":1,"minecraft:wheat":136,"minecraft:smithing_table":4,"minecraft:lead":3,"minecraft:diamond_sword":1,"minecraft:turtle_egg":4,"minecraft:string":93,"minecraft:raw_copper":28,"minecraft:gold_nugget":177,"minecraft:cobbled_deepslate":37,"minecraft:spruce_planks":5,"minecraft:cobblestone_slab":22,"minecraft:iron_pickaxe":2,"minecraft:furnace":2,"minecraft:tipped_arrow":14,"minecraft:stick":191,"minecraft:composter":5,"minecraft:oak_fence":1,"minecraft:torch":104,"minecraft:porkchop":14,"minecraft:snow_block":1,"minecraft:golden_axe":3,"minecraft:diorite":29,"minecraft:cauldron":2,"minecraft:stone_sword":1,"minecraft:rotten_flesh":73,"minecraft:carved_pumpkin":3,"minecraft:obsidian":30,"minecraft:snowball":419,"minecraft:cobblestone":1376,"minecraft:birch_log":57,"minecraft:magma_block":1993,"minecraft:feather":9,"minecraft:cooked_beef":6,"minecraft:magma_cream":9,"minecraft:water_bucket":1,"minecraft:andesite":173,"minecraft:golden_leggings":1,"minecraft:smoker":2,"minecraft:potato":1529,"minecraft:flint":24,"minecraft:tuff":1,"minecraft:dirt":1062,"minecraft:lapis_lazuli":161,"minecraft:lantern":3,"minecraft:name_tag":1,"minecraft:bone":29,"minecraft:bow":3,"minecraft:wheat_seeds":388,"minecraft:raw_gold":22,"minecraft:grindstone":5,"minecraft:rabbit":2,"minecraft:fletching_table":12,"minecraft:bamboo":21,"minecraft:glowstone_dust":134,"minecraft:oak_planks":9,"minecraft:ghast_tear":2,"minecraft:cooked_porkchop":10,"minecraft:poisonous_potato":9,"minecraft:sand":341,"minecraft:stripped_spruce_log":2,"minecraft:grass_block":3,"minecraft:granite":89,"minecraft:spruce_sign":4,"minecraft:chainmail_helmet":7,"minecraft:bread":1,"minecraft:netherrack":1200,"minecraft:charcoal":1,"minecraft:crafting_table":5,"minecraft:chicken":4,"minecraft:red_bed":5,"minecraft:iron_axe":1,"minecraft:flint_and_steel":1,"minecraft:compass":2,"minecraft:blackstone":206,"minecraft:beef":9,"minecraft:oak_boat":10,"minecraft:poppy":24,"minecraft:lectern":30,"minecraft:sugar_cane":254,"minecraft:chest":5,"minecraft:spruce_trapdoor":2,"minecraft:raw_iron":71,"minecraft:bowl":1,"minecraft:spruce_fence":23,"minecraft:carrot":585,"minecraft:redstone":259,"minecraft:arrow":36,"minecraft:stone_shovel":3,"minecraft:golden_hoe":1,"minecraft:saddle":2,"minecraft:mutton":22,"minecraft:rail":100,"minecraft:white_wool":24,"minecraft:basalt":809,"minecraft:salmon":5,"minecraft:leather":8,"minecraft:birch_planks":59,"minecraft:oak_log":29,"minecraft:chainmail_chestplate":2,"minecraft:lily_pad":8,"minecraft:gunpowder":15,"minecraft:blue_bed":28,"minecraft:white_banner":4,"minecraft:cooked_mutton":28,"minecraft:podzol":1,"minecraft:kelp":48,"minecraft:rabbit_hide":2,"minecraft:iron_ingot":102,"minecraft:stone_pickaxe":2,"minecraft:cooked_chicken":4,"minecraft:soul_sand":27,"minecraft:book":24,"minecraft:birch_boat":10,"minecraft:pumpkin":19,"minecraft:stone_brick_slab":1,"minecraft:quartz":147,"minecraft:gravel":127,"minecraft:lava_bucket":1,"minecraft:spruce_sapling":248,"minecraft:blast_furnace":5,"minecraft:white_bed":14,"minecraft:spruce_log":3849,"minecraft:crying_obsidian":3,"minecraft:spider_eye":8,"minecraft:spruce_door":2,"minecraft:pumpkin_seeds":8,"minecraft:stone_axe":2,"minecraft:chainmail_leggings":5,"minecraft:diamond_axe":4,"minecraft:baked_potato":9,"minecraft:coal":59,"minecraft:hopper":2,"minecraft:ender_pearl":1}},"DataVersion":3465}