{"stats":{"minecraft:killed":{"minecraft:sheep":11,"minecraft:chicken":3,"minecraft:turtle":1,"minecraft:creeper":1,"minecraft:cow":2},"minecraft:dropped":{"minecraft:seagrass":1,"minecraft:light_weighted_pressure_plate":1},"minecraft:crafted":{"minecraft:crafting_table":1,"minecraft:stick":4,"minecraft:wooden_pickaxe":1,"minecraft:birch_boat":1,"minecraft:stone_pickaxe":1,"minecraft:birch_planks":136},"minecraft:picked_up":{"minecraft:birch_log":39,"minecraft:raw_iron":3,"minecraft:seagrass":1,"minecraft:crafting_table":2,"minecraft:feather":3,"minecraft:cooked_beef":4,"minecraft:chicken":1,"minecraft:birch_boat":4,"minecraft:pumpkin":4,"minecraft:leather":3,"minecraft:gravel":9,"minecraft:flint":3,"minecraft:oak_log":4,"minecraft:lily_pad":8,"minecraft:gunpowder":1,"minecraft:lapis_lazuli":58,"minecraft:dirt":29,"minecraft:cooked_mutton":9,"minecraft:beef":1,"minecraft:cooked_chicken":2,"minecraft:coal":17,"minecraft:sugar_cane":32,"minecraft:chest":1,"minecraft:mutton":9,"minecraft:white_wool":11,"minecraft:cobblestone":14},"minecraft:mined":{"minecraft:iron_ore":3,"minecraft:birch_log":39,"minecraft:birch_leaves":4,"minecraft:pumpkin":4,"minecraft:crafting_table":2,"minecraft:coal_ore":17,"minecraft:grass_block":17,"minecraft:oak_log":4,"minecraft:chest":1,"minecraft:gravel":12,"minecraft:dirt":13,"minecraft:lapis_ore":8,"minecraft:stone":14,"minecraft:sugar_cane":13,"minecraft:oak_leaves":9},"minecraft:custom":{"minecraft:time_since_rest":33584,"minecraft:damage_taken":236,"minecraft:sprint_one_cm":160397,"minecraft:walk_one_cm":74014,"minecraft:mob_kills":19,"minecraft:drop":2,"minecraft:damage_dealt":1826,"minecraft:interact_with_crafting_table":3,"minecraft:swim_one_cm":7688,"minecraft:fly_one_cm":118047,"minecraft:open_chest":2,"minecraft:crouch_one_cm":1826,"minecraft:play_time":33584,"minecraft:sneak_time":387,"minecraft:walk_under_water_one_cm":904,"minecraft:boat_one_cm":242325,"minecraft:jump":688,"minecraft:leave_game":2,"minecraft:walk_on_water_one_cm":4275,"minecraft:time_since_death":33584,"minecraft:total_world_time":33584,"minecraft:fall_one_cm":15638},"minecraft:used":{"minecraft:cooked_mutton":6,"minecraft:stone_pickaxe":42,"minecraft:birch_boat":4,"minecraft:wooden_pickaxe":10,"minecraft:golden_leggings":1,"minecraft:cooked_chicken":1,"minecraft:golden_sword":32,"minecraft:dirt":26,"minecraft:crafting_table":2,"minecraft:golden_axe":55},"minecraft:broken":{"minecraft:golden_sword":1,"minecraft:golden_axe":2}},"DataVersion":3465}