{"stats":{"minecraft:custom":{"minecraft:jump":213,"minecraft:time_since_rest":7151,"minecraft:damage_dealt":85,"minecraft:walk_on_water_one_cm":6827,"minecraft:deaths":1,"minecraft:leave_game":1,"minecraft:play_time":13150,"minecraft:sprint_one_cm":24473,"minecraft:damage_taken":402,"minecraft:time_since_death":6774,"minecraft:walk_one_cm":12036,"minecraft:sneak_time":15,"minecraft:total_world_time":13150,"minecraft:walk_under_water_one_cm":3155,"minecraft:swim_one_cm":36379,"minecraft:fall_one_cm":11202,"minecraft:fly_one_cm":30604},"minecraft:mined":{"minecraft:powder_snow":1,"minecraft:packed_ice":10},"minecraft:killed_by":{"minecraft:zombie":1}},"DataVersion":3465}