{"stats":{"minecraft:killed":{"minecraft:cave_spider":1,"minecraft:witch":1,"minecraft:spider":9,"minecraft:skeleton":5,"minecraft:chicken":4,"minecraft:turtle":1,"minecraft:pig":10,"minecraft:zombie_villager":3,"minecraft:salmon":4,"minecraft:iron_golem":11,"minecraft:creeper":7,"minecraft:sheep":11,"minecraft:zombie":16,"minecraft:stray":5,"minecraft:cow":6},"minecraft:dropped":{"minecraft:iron_ingot":5,"minecraft:wheat_seeds":46,"minecraft:feather":3,"minecraft:diamond_leggings":1,"minecraft:iron_helmet":2,"minecraft:spruce_door":1,"minecraft:chainmail_helmet":15,"minecraft:stick":1,"minecraft:light_weighted_pressure_plate":1,"minecraft:lava_bucket":1,"minecraft:iron_block":1,"minecraft:seagrass":1,"minecraft:snowball":133,"minecraft:iron_pickaxe":1,"minecraft:chainmail_leggings":15,"minecraft:string":1,"minecraft:bucket":1,"minecraft:stone_brick_slab":1,"minecraft:rotten_flesh":5,"minecraft:oak_planks":3,"minecraft:iron_boots":8,"minecraft:poppy":4,"minecraft:potato":39,"minecraft:diamond_boots":2},"minecraft:used":{"minecraft:oak_trapdoor":2,"minecraft:flint_and_steel":26,"minecraft:stone_sword":122,"minecraft:iron_shovel":988,"minecraft:carved_pumpkin":2,"minecraft:stone_shovel":88,"minecraft:poppy":4,"minecraft:chest":7,"minecraft:spruce_planks":1,"minecraft:shield":20,"minecraft:iron_sword":335,"minecraft:cooked_chicken":1,"minecraft:rotten_flesh":4,"minecraft:iron_chestplate":1,"minecraft:torch":97,"minecraft:dirt":349,"minecraft:hopper":2,"minecraft:carrot":109,"minecraft:golden_shovel":32,"minecraft:granite":14,"minecraft:snowball":63,"minecraft:obsidian":9,"minecraft:lava_bucket":36,"minecraft:grass_block":1,"minecraft:iron_axe":989,"minecraft:iron_helmet":1,"minecraft:iron_boots":1,"minecraft:golden_sword":32,"minecraft:furnace":2,"minecraft:cooked_beef":3,"minecraft:potato":38,"minecraft:cobbled_deepslate":11,"minecraft:pumpkin":3,"minecraft:golden_axe":55,"minecraft:cooked_mutton":22,"minecraft:wheat_seeds":57,"minecraft:water_bucket":5,"minecraft:diorite":13,"minecraft:snow_block":6,"minecraft:birch_planks":6,"minecraft:stone_pickaxe":135,"minecraft:baked_potato":22,"minecraft:wooden_pickaxe":10,"minecraft:spruce_sign":6,"minecraft:birch_boat":8,"minecraft:spruce_fence_gate":1,"minecraft:diamond_axe":248,"minecraft:fletching_table":4,"minecraft:blue_bed":14,"minecraft:cobblestone_slab":94,"minecraft:blast_furnace":2,"minecraft:crafting_table":10,"minecraft:red_bed":2,"minecraft:white_bed":7,"minecraft:spruce_log":3,"minecraft:diamond_pickaxe":82,"minecraft:bread":15,"minecraft:iron_pickaxe":604,"minecraft:spruce_trapdoor":3,"minecraft:spruce_sapling":73,"minecraft:gravel":81,"minecraft:golden_leggings":1,"minecraft:cobblestone":105,"minecraft:grindstone":4,"minecraft:cooked_porkchop":8,"minecraft:bucket":41,"minecraft:oak_boat":7},"minecraft:mined":{"minecraft:crying_obsidian":3,"minecraft:white_bed":6,"minecraft:carved_pumpkin":1,"minecraft:obsidian":8,"minecraft:spruce_trapdoor":2,"minecraft:granite":36,"minecraft:grass_block":377,"minecraft:spruce_leaves":127,"minecraft:hopper":2,"minecraft:composter":3,"minecraft:magma_block":18,"minecraft:furnace":1,"minecraft:carrots":41,"minecraft:iron_ore":28,"minecraft:fire":4,"minecraft:snow":199,"minecraft:andesite":3,"minecraft:stripped_spruce_log":1,"minecraft:pumpkin":11,"minecraft:deepslate_lapis_ore":4,"minecraft:enchanting_table":1,"minecraft:cobblestone_slab":7,"minecraft:potatoes":36,"minecraft:water_cauldron":2,"minecraft:deepslate_iron_ore":21,"minecraft:dirt_path":62,"minecraft:rail":100,"minecraft:stone":384,"minecraft:deepslate_redstone_ore":11,"minecraft:basalt":1,"minecraft:red_bed":2,"minecraft:snow_block":4,"minecraft:smoker":3,"minecraft:stone_brick_slab":1,"minecraft:crafting_table":4,"minecraft:torch":6,"minecraft:blast_furnace":3,"minecraft:chest":4,"minecraft:nether_quartz_ore":2,"minecraft:spruce_wall_sign":2,"minecraft:copper_ore":9,"minecraft:cobblestone":21,"minecraft:lapis_ore":12,"minecraft:deepslate_gold_ore":22,"minecraft:grindstone":3,"minecraft:sugar_cane":24,"minecraft:oak_planks":6,"minecraft:diorite":29,"minecraft:blue_bed":14,"minecraft:wall_torch":6,"minecraft:birch_planks":4,"minecraft:birch_log":52,"minecraft:wheat":50,"minecraft:ice":25,"minecraft:spruce_log":1071,"minecraft:birch_leaves":9,"minecraft:grass":16,"minecraft:coal_ore":17,"minecraft:oak_log":22,"minecraft:gravel":110,"minecraft:sand":25,"minecraft:dirt":402,"minecraft:cobweb":69,"minecraft:netherrack":25,"minecraft:oak_leaves":13,"minecraft:deepslate":20},"minecraft:crafted":{"minecraft:grindstone":1,"minecraft:oak_planks":24,"minecraft:chainmail_helmet":8,"minecraft:stone_shovel":1,"minecraft:cobblestone_slab":132,"minecraft:birch_boat":1,"minecraft:furnace":1,"minecraft:stone":6,"minecraft:oak_trapdoor":2,"minecraft:diamond_helmet":1,"minecraft:diamond_leggings":2,"minecraft:iron_boots":9,"minecraft:iron_axe":5,"minecraft:stone_pickaxe":3,"minecraft:chest":3,"minecraft:diamond_boots":4,"minecraft:chainmail_leggings":12,"minecraft:emerald":280,"minecraft:spruce_sign":6,"minecraft:cooked_porkchop":8,"minecraft:crafting_table":6,"minecraft:spruce_planks":4312,"minecraft:baked_potato":41,"minecraft:iron_helmet":3,"minecraft:wooden_pickaxe":1,"minecraft:iron_sword":5,"minecraft:fletching_table":4,"minecraft:birch_planks":136,"minecraft:bucket":1,"minecraft:air":0,"minecraft:oak_boat":1,"minecraft:spruce_trapdoor":2,"minecraft:iron_chestplate":1,"minecraft:diamond_pickaxe":1,"minecraft:charcoal":1,"minecraft:shield":1,"minecraft:stick":8501,"minecraft:stone_slab":6,"minecraft:iron_ingot":77,"minecraft:iron_pickaxe":3,"minecraft:stone_sword":1,"minecraft:iron_block":1,"minecraft:snow_block":20,"minecraft:iron_shovel":4,"minecraft:white_bed":2,"minecraft:spruce_fence_gate":1,"minecraft:torch":76,"minecraft:diamond_chestplate":1},"minecraft:custom":{"minecraft:mob_kills":98,"minecraft:interact_with_anvil":1,"minecraft:interact_with_crafting_table":51,"minecraft:bell_ring":12,"minecraft:leave_game":8,"minecraft:time_since_death":335820,"minecraft:climb_one_cm":143,"minecraft:sprint_one_cm":1351655,"minecraft:walk_one_cm":1145598,"minecraft:damage_blocked_by_shield":515,"minecraft:drop":73,"minecraft:talked_to_villager":156,"minecraft:play_time":416866,"minecraft:deaths":1,"minecraft:sneak_time":3108,"minecraft:walk_under_water_one_cm":21032,"minecraft:boat_one_cm":479250,"minecraft:jump":6266,"minecraft:interact_with_blast_furnace":13,"minecraft:walk_on_water_one_cm":32412,"minecraft:total_world_time":416866,"minecraft:interact_with_furnace":29,"minecraft:traded_with_villager":324,"minecraft:interact_with_grindstone":1,"minecraft:sleep_in_bed":18,"minecraft:time_since_rest":37921,"minecraft:damage_taken":2589,"minecraft:damage_dealt":22111,"minecraft:swim_one_cm":53094,"minecraft:fly_one_cm":1259055,"minecraft:open_chest":171,"minecraft:crouch_one_cm":6763,"minecraft:interact_with_smoker":17,"minecraft:fall_one_cm":123778},"minecraft:broken":{"minecraft:iron_shovel":3,"minecraft:stone_sword":1,"minecraft:golden_shovel":1,"minecraft:stone_pickaxe":1,"minecraft:golden_axe":2,"minecraft:golden_sword":1,"minecraft:iron_axe":4,"minecraft:iron_pickaxe":2},"minecraft:picked_up":{"minecraft:charcoal":1,"minecraft:seagrass":1,"minecraft:crafting_table":4,"minecraft:iron_chestplate":1,"minecraft:wheat":46,"minecraft:chicken":3,"minecraft:lead":1,"minecraft:red_bed":2,"minecraft:string":83,"minecraft:raw_copper":28,"minecraft:flint_and_steel":1,"minecraft:cobbled_deepslate":20,"minecraft:spruce_planks":2,"minecraft:beef":7,"minecraft:oak_boat":6,"minecraft:cobblestone_slab":10,"minecraft:poppy":13,"minecraft:iron_pickaxe":1,"minecraft:sugar_cane":88,"minecraft:chest":4,"minecraft:spruce_trapdoor":2,"minecraft:furnace":1,"minecraft:tipped_arrow":3,"minecraft:stick":63,"minecraft:raw_iron":52,"minecraft:composter":4,"minecraft:oak_fence":1,"minecraft:torch":22,"minecraft:porkchop":14,"minecraft:snow_block":1,"minecraft:diorite":29,"minecraft:carrot":155,"minecraft:redstone":50,"minecraft:cauldron":2,"minecraft:stone_shovel":1,"minecraft:rotten_flesh":17,"minecraft:arrow":12,"minecraft:stone_sword":1,"minecraft:golden_hoe":1,"minecraft:carved_pumpkin":2,"minecraft:obsidian":8,"minecraft:mutton":18,"minecraft:rail":100,"minecraft:snowball":271,"minecraft:white_wool":19,"minecraft:cobblestone":401,"minecraft:birch_log":57,"minecraft:magma_block":18,"minecraft:basalt":1,"minecraft:feather":5,"minecraft:cooked_beef":6,"minecraft:salmon":5,"minecraft:water_bucket":1,"minecraft:andesite":3,"minecraft:leather":4,"minecraft:golden_leggings":1,"minecraft:smoker":2,"minecraft:potato":124,"minecraft:birch_planks":59,"minecraft:flint":18,"minecraft:oak_log":22,"minecraft:lily_pad":8,"minecraft:gunpowder":11,"minecraft:lapis_lazuli":161,"minecraft:dirt":880,"minecraft:blue_bed":14,"minecraft:cooked_mutton":25,"minecraft:bone":14,"minecraft:wheat_seeds":127,"minecraft:raw_gold":22,"minecraft:rabbit_hide":2,"minecraft:stone_pickaxe":1,"minecraft:grindstone":3,"minecraft:iron_ingot":68,"minecraft:cooked_chicken":3,"minecraft:rabbit":2,"minecraft:oak_planks":9,"minecraft:birch_boat":9,"minecraft:pumpkin":19,"minecraft:stone_brick_slab":1,"minecraft:quartz":2,"minecraft:poisonous_potato":2,"minecraft:lava_bucket":1,"minecraft:gravel":97,"minecraft:sand":25,"minecraft:stripped_spruce_log":2,"minecraft:spruce_sapling":82,"minecraft:blast_furnace":3,"minecraft:grass_block":1,"minecraft:white_bed":6,"minecraft:spruce_log":1072,"minecraft:crying_obsidian":3,"minecraft:spruce_door":1,"minecraft:spider_eye":6,"minecraft:pumpkin_seeds":4,"minecraft:chainmail_leggings":3,"minecraft:diamond_axe":1,"minecraft:granite":36,"minecraft:spruce_sign":2,"minecraft:chainmail_helmet":7,"minecraft:bread":1,"minecraft:netherrack":16,"minecraft:coal":58,"minecraft:hopper":2}},"DataVersion":3465}