{"stats":{"minecraft:killed":{"minecraft:cave_spider":1,"minecraft:zombified_piglin":1,"minecraft:witch":2,"minecraft:spider":14,"minecraft:skeleton":7,"minecraft:chicken":6,"minecraft:turtle":1,"minecraft:magma_cube":79,"minecraft:piglin":2,"minecraft:pig":13,"minecraft:zombie_villager":3,"minecraft:salmon":4,"minecraft:iron_golem":19,"minecraft:creeper":12,"minecraft:sheep":12,"minecraft:pillager":11,"minecraft:zombie":41,"minecraft:ghast":1,"minecraft:stray":11,"minecraft:cow":8,"minecraft:drowned":5,"minecraft:ravager":1,"minecraft:enderman":1},"minecraft:dropped":{"minecraft:iron_sword":3,"minecraft:diamond_axe":2,"minecraft:baked_potato":9,"minecraft:saddle":1,"minecraft:emerald":2,"minecraft:light_weighted_pressure_plate":1,"minecraft:dirt":13,"minecraft:seagrass":1,"minecraft:snowball":133,"minecraft:iron_pickaxe":1,"minecraft:stone_axe":1,"minecraft:compass":2,"minecraft:rotten_flesh":19,"minecraft:oak_planks":3,"minecraft:salmon":3,"minecraft:carrot":295,"minecraft:poppy":38,"minecraft:basalt":48,"minecraft:iron_ingot":5,"minecraft:wheat_seeds":153,"minecraft:diamond_leggings":1,"minecraft:poisonous_potato":5,"minecraft:feather":3,"minecraft:iron_helmet":2,"minecraft:granite":8,"minecraft:spruce_door":1,"minecraft:chainmail_helmet":15,"minecraft:stick":1,"minecraft:lava_bucket":1,"minecraft:iron_block":1,"minecraft:diamond_helmet":1,"minecraft:white_banner":1,"minecraft:chainmail_leggings":15,"minecraft:string":1,"minecraft:bucket":1,"minecraft:spruce_sapling":6,"minecraft:stone_brick_slab":1,"minecraft:iron_boots":8,"minecraft:potato":679,"minecraft:spruce_planks":1,"minecraft:andesite":8,"minecraft:diamond_boots":2,"minecraft:bow":2,"minecraft:stone_pickaxe":1},"minecraft:crafted":{"minecraft:grindstone":1,"minecraft:oak_planks":92,"minecraft:chainmail_helmet":8,"minecraft:cobblestone_slab":132,"minecraft:birch_boat":1,"minecraft:stone":63,"minecraft:bookshelf":10,"minecraft:glass":118,"minecraft:iron_boots":9,"minecraft:diamond_helmet":3,"minecraft:diamond_leggings":3,"minecraft:bow":1,"minecraft:chest":5,"minecraft:emerald":716,"minecraft:cooked_porkchop":8,"minecraft:diamond_axe":4,"minecraft:crafting_table":6,"minecraft:spruce_planks":9676,"minecraft:wooden_pickaxe":1,"minecraft:baked_potato":246,"minecraft:iron_helmet":3,"minecraft:fletching_table":4,"minecraft:birch_planks":136,"minecraft:spruce_trapdoor":2,"minecraft:lectern":1,"minecraft:book":5,"minecraft:paper":87,"minecraft:iron_chestplate":1,"minecraft:diamond_pickaxe":3,"minecraft:charcoal":1,"minecraft:shield":2,"minecraft:stick":19303,"minecraft:stone_slab":6,"minecraft:compass":7,"minecraft:iron_ingot":77,"minecraft:iron_pickaxe":3,"minecraft:iron_block":1,"minecraft:stone_sword":1,"minecraft:snow_block":22,"minecraft:gold_ingot":3,"minecraft:spruce_fence_gate":1,"minecraft:shears":2,"minecraft:stone_shovel":1,"minecraft:furnace":1,"minecraft:oak_trapdoor":2,"minecraft:lantern":12,"minecraft:iron_axe":5,"minecraft:spruce_slab":6,"minecraft:stone_pickaxe":3,"minecraft:diamond_boots":5,"minecraft:chainmail_leggings":12,"minecraft:crossbow":1,"minecraft:diamond_sword":1,"minecraft:spruce_sign":6,"minecraft:iron_sword":12,"minecraft:bucket":1,"minecraft:air":0,"minecraft:oak_boat":1,"minecraft:iron_shovel":5,"minecraft:white_bed":2,"minecraft:torch":108,"minecraft:diamond_chestplate":2},"minecraft:picked_up":{"minecraft:seagrass":22,"minecraft:iron_chestplate":1,"minecraft:wheat":102,"minecraft:lead":3,"minecraft:string":89,"minecraft:raw_copper":28,"minecraft:gold_nugget":36,"minecraft:cobbled_deepslate":37,"minecraft:spruce_planks":4,"minecraft:cobblestone_slab":14,"minecraft:iron_pickaxe":1,"minecraft:furnace":1,"minecraft:tipped_arrow":11,"minecraft:stick":136,"minecraft:composter":5,"minecraft:oak_fence":1,"minecraft:torch":58,"minecraft:porkchop":14,"minecraft:snow_block":1,"minecraft:golden_axe":3,"minecraft:diorite":29,"minecraft:cauldron":2,"minecraft:stone_sword":1,"minecraft:rotten_flesh":52,"minecraft:carved_pumpkin":3,"minecraft:obsidian":18,"minecraft:snowball":312,"minecraft:cobblestone":565,"minecraft:birch_log":57,"minecraft:magma_block":1954,"minecraft:magma_cream":3,"minecraft:feather":9,"minecraft:cooked_beef":6,"minecraft:water_bucket":1,"minecraft:andesite":11,"minecraft:golden_leggings":1,"minecraft:smoker":2,"minecraft:potato":1291,"minecraft:flint":18,"minecraft:tuff":1,"minecraft:dirt":975,"minecraft:lapis_lazuli":161,"minecraft:name_tag":1,"minecraft:bone":25,"minecraft:bow":2,"minecraft:wheat_seeds":292,"minecraft:raw_gold":22,"minecraft:grindstone":3,"minecraft:glowstone_dust":134,"minecraft:rabbit":2,"minecraft:bamboo":21,"minecraft:oak_planks":9,"minecraft:cooked_porkchop":5,"minecraft:poisonous_potato":7,"minecraft:sand":186,"minecraft:stripped_spruce_log":2,"minecraft:grass_block":1,"minecraft:granite":55,"minecraft:spruce_sign":2,"minecraft:bread":1,"minecraft:chainmail_helmet":7,"minecraft:netherrack":677,"minecraft:charcoal":1,"minecraft:crafting_table":5,"minecraft:chicken":4,"minecraft:red_bed":3,"minecraft:iron_axe":1,"minecraft:flint_and_steel":1,"minecraft:compass":2,"minecraft:blackstone":69,"minecraft:beef":9,"minecraft:oak_boat":10,"minecraft:poppy":24,"minecraft:sugar_cane":172,"minecraft:chest":5,"minecraft:spruce_trapdoor":2,"minecraft:raw_iron":71,"minecraft:bowl":1,"minecraft:carrot":513,"minecraft:redstone":259,"minecraft:arrow":29,"minecraft:stone_shovel":3,"minecraft:golden_hoe":1,"minecraft:saddle":2,"minecraft:mutton":20,"minecraft:white_wool":21,"minecraft:rail":100,"minecraft:basalt":622,"minecraft:salmon":5,"minecraft:leather":8,"minecraft:birch_planks":59,"minecraft:lily_pad":8,"minecraft:oak_log":29,"minecraft:chainmail_chestplate":2,"minecraft:gunpowder":13,"minecraft:blue_bed":26,"minecraft:white_banner":4,"minecraft:cooked_mutton":25,"minecraft:podzol":1,"minecraft:kelp":48,"minecraft:rabbit_hide":2,"minecraft:iron_ingot":101,"minecraft:stone_pickaxe":2,"minecraft:cooked_chicken":4,"minecraft:soul_sand":27,"minecraft:birch_boat":10,"minecraft:pumpkin":19,"minecraft:stone_brick_slab":1,"minecraft:quartz":56,"minecraft:gravel":97,"minecraft:lava_bucket":1,"minecraft:blast_furnace":3,"minecraft:spruce_sapling":171,"minecraft:white_bed":7,"minecraft:spruce_log":2418,"minecraft:crying_obsidian":3,"minecraft:spruce_door":1,"minecraft:spider_eye":6,"minecraft:pumpkin_seeds":8,"minecraft:stone_axe":2,"minecraft:chainmail_leggings":5,"minecraft:diamond_axe":2,"minecraft:baked_potato":9,"minecraft:coal":59,"minecraft:hopper":2},"minecraft:custom":{"minecraft:animals_bred":8,"minecraft:interact_with_crafting_table":68,"minecraft:bell_ring":12,"minecraft:leave_game":10,"minecraft:time_since_death":54554,"minecraft:sprint_one_cm":2454350,"minecraft:damage_blocked_by_shield":1769,"minecraft:drop":148,"minecraft:talked_to_villager":361,"minecraft:play_time":789685,"minecraft:deaths":2,"minecraft:jump":12646,"minecraft:walk_on_water_one_cm":58133,"minecraft:interact_with_furnace":41,"minecraft:traded_with_villager":817,"minecraft:sleep_in_bed":30,"minecraft:damage_dealt":44253,"minecraft:crouch_one_cm":83009,"minecraft:interact_with_smoker":31,"minecraft:mob_kills":263,"minecraft:interact_with_anvil":2,"minecraft:climb_one_cm":201,"minecraft:walk_one_cm":2093119,"minecraft:raid_win":2,"minecraft:sneak_time":24419,"minecraft:walk_under_water_one_cm":45503,"minecraft:boat_one_cm":534963,"minecraft:interact_with_blast_furnace":15,"minecraft:total_world_time":789685,"minecraft:raid_trigger":1,"minecraft:interact_with_grindstone":2,"minecraft:time_since_rest":11448,"minecraft:damage_taken":6055,"minecraft:swim_one_cm":160656,"minecraft:fly_one_cm":2515379,"minecraft:open_chest":389,"minecraft:fall_one_cm":239657},"minecraft:mined":{"minecraft:spruce_planks":2,"minecraft:white_bed":7,"minecraft:carved_pumpkin":2,"minecraft:obsidian":8,"minecraft:spruce_trapdoor":2,"minecraft:granite":47,"minecraft:grass_block":416,"minecraft:hopper":2,"minecraft:composter":4,"minecraft:tall_seagrass":9,"minecraft:magma_block":637,"minecraft:glowstone":44,"minecraft:iron_ore":47,"minecraft:fire":7,"minecraft:pumpkin":11,"minecraft:deepslate_lapis_ore":4,"minecraft:enchanting_table":1,"minecraft:water_cauldron":2,"minecraft:dirt_path":63,"minecraft:deepslate_redstone_ore":57,"minecraft:red_bed":3,"minecraft:blackstone":81,"minecraft:kelp_plant":3,"minecraft:smoker":3,"minecraft:torch":21,"minecraft:blast_furnace":3,"minecraft:chest":5,"minecraft:spruce_wall_sign":2,"minecraft:nether_quartz_ore":57,"minecraft:cobblestone":45,"minecraft:grindstone":3,"minecraft:sugar_cane":89,"minecraft:oak_planks":6,"minecraft:wall_torch":24,"minecraft:seagrass":7,"minecraft:birch_log":52,"minecraft:wheat":108,"minecraft:blue_ice":3,"minecraft:grass":27,"minecraft:oak_log":29,"minecraft:sand":186,"minecraft:dirt":459,"minecraft:netherrack":925,"minecraft:oak_leaves":19,"minecraft:deepslate":37,"minecraft:nether_gold_ore":10,"minecraft:crying_obsidian":3,"minecraft:tuff":1,"minecraft:spruce_leaves":133,"minecraft:kelp":21,"minecraft:spruce_sapling":5,"minecraft:furnace":1,"minecraft:carrots":56,"minecraft:snow":223,"minecraft:andesite":12,"minecraft:stripped_spruce_log":1,"minecraft:potatoes":206,"minecraft:deepslate_iron_ore":21,"minecraft:cobblestone_slab":11,"minecraft:rail":100,"minecraft:bamboo":2,"minecraft:stone":523,"minecraft:white_wool":1,"minecraft:podzol":1,"minecraft:soul_sand":28,"minecraft:snow_block":4,"minecraft:basalt":683,"minecraft:stone_brick_slab":1,"minecraft:spruce_door":1,"minecraft:crafting_table":5,"minecraft:copper_ore":9,"minecraft:lapis_ore":12,"minecraft:deepslate_gold_ore":22,"minecraft:diorite":29,"minecraft:blue_bed":25,"minecraft:birch_planks":4,"minecraft:ice":25,"minecraft:spruce_log":2418,"minecraft:birch_leaves":9,"minecraft:coal_ore":18,"minecraft:gravel":110,"minecraft:cobweb":69},"minecraft:killed_by":{"minecraft:magma_cube":1},"minecraft:used":{"minecraft:iron_shovel":1251,"minecraft:poppy":6,"minecraft:chest":10,"minecraft:shield":45,"minecraft:iron_sword":452,"minecraft:rotten_flesh":4,"minecraft:iron_chestplate":1,"minecraft:carrot":125,"minecraft:tuff":1,"minecraft:snowball":119,"minecraft:obsidian":19,"minecraft:glass":42,"minecraft:lava_bucket":36,"minecraft:grass_block":1,"minecraft:iron_helmet":1,"minecraft:golden_sword":32,"minecraft:magma_block":6,"minecraft:bow":22,"minecraft:furnace":2,"minecraft:potato":208,"minecraft:diorite":13,"minecraft:stone_pickaxe":135,"minecraft:blackstone":65,"minecraft:wooden_pickaxe":10,"minecraft:blue_bed":24,"minecraft:diamond_axe":1670,"minecraft:white_wool":1,"minecraft:blast_furnace":2,"minecraft:shears":1,"minecraft:bread":15,"minecraft:lectern":1,"minecraft:gravel":81,"minecraft:diamond_sword":335,"minecraft:grindstone":4,"minecraft:oak_boat":10,"minecraft:oak_trapdoor":2,"minecraft:stone_sword":122,"minecraft:flint_and_steel":27,"minecraft:carved_pumpkin":3,"minecraft:stone_shovel":88,"minecraft:spruce_planks":5,"minecraft:cooked_chicken":1,"minecraft:netherrack":315,"minecraft:torch":160,"minecraft:dirt":426,"minecraft:hopper":2,"minecraft:golden_shovel":32,"minecraft:granite":17,"minecraft:bookshelf":9,"minecraft:iron_axe":989,"minecraft:iron_boots":1,"minecraft:basalt":571,"minecraft:podzol":1,"minecraft:cooked_beef":3,"minecraft:cobbled_deepslate":28,"minecraft:pumpkin":3,"minecraft:golden_axe":55,"minecraft:wheat_seeds":115,"minecraft:cooked_mutton":22,"minecraft:water_bucket":10,"minecraft:snow_block":8,"minecraft:birch_planks":6,"minecraft:baked_potato":132,"minecraft:birch_boat":9,"minecraft:spruce_sign":6,"minecraft:fletching_table":4,"minecraft:cobblestone_slab":98,"minecraft:spruce_fence_gate":1,"minecraft:crafting_table":10,"minecraft:red_bed":2,"minecraft:white_bed":7,"minecraft:spruce_log":8,"minecraft:oak_log":3,"minecraft:diamond_pickaxe":2753,"minecraft:iron_pickaxe":604,"minecraft:spruce_trapdoor":3,"minecraft:spruce_sapling":150,"minecraft:golden_leggings":1,"minecraft:cobblestone":217,"minecraft:white_banner":1,"minecraft:cooked_porkchop":8,"minecraft:bucket":47},"minecraft:broken":{"minecraft:iron_shovel":5,"minecraft:golden_shovel":1,"minecraft:stone_pickaxe":1,"minecraft:golden_sword":1,"minecraft:diamond_pickaxe":1,"minecraft:stone_sword":1,"minecraft:golden_axe":2,"minecraft:iron_axe":4,"minecraft:iron_pickaxe":2}},"DataVersion":3465}